x,VIN - 0.714 V,VOUT - 0.55 V
0.0,0.0,0.0011741707666157453
5e-09,0.31410759078132067,-0.6539406940833103
1e-08,0.6279051952930992,-1.3606905517227208
1.5e-08,0.9410831331851943,-2.0699653840290377
2e-08,1.2533323356430648,-2.7780303955130536
2.5e-08,1.5643446504023384,-3.482434976354254
3e-08,1.8738131458572171,-4.183715887735251
3.5e-08,2.1814324139654007,-4.880315825207537
3.999999999999999e-08,2.4868988716485463,-5.572158406030203
4.499999999999999e-08,2.7899110603922805,-6.258134330871856
4.999999999999999e-08,3.0901699437494434,-6.937871350952585
5.499999999999999e-08,3.3873792024529115,-7.6104897575165475
6e-08,3.681245526846788,-8.275479509854854
6.5e-08,3.9714789063478584,-8.932083806779566
7e-08,4.25779291565076,-9.579734234932967
7.500000000000001e-08,4.5399049973954275,-10.217745354903718
8.000000000000001e-08,4.817536741017148,-10.845530883076048
8.500000000000002e-08,5.090414157503664,-11.462452396275857
9.000000000000003e-08,5.3582679497899965,-12.067926942448516
9.500000000000003e-08,5.620833778521295,-12.661352166082661
1e-07,5.87785252292472,-13.242160037341355
1.05e-07,6.129070536529779,-13.809779890743057
1.1e-07,6.374239897486866,-14.363665385954349
1.150000000000001e-07,6.613118653236549,-14.90327636114186
1.2e-07,6.845471059286901,-15.428092476877042
1.25e-07,7.071067811865506,-15.93760440446279
1.300000000000001e-07,7.289686274214113,-16.43132083121046
1.350000000000001e-07,7.501110696304547,-16.908764274963684
1.400000000000001e-07,7.705132427757944,-17.369474768899718
1.450000000000001e-07,7.901550123756929,-17.813007961207774
1.500000000000001e-07,8.090169943749448,-18.238937129166686
1.550000000000001e-07,8.270805742745635,-18.646852399523684
1.600000000000001e-07,8.443279255020197,-19.036361912650012
1.650000000000001e-07,8.607420270039468,-19.40709158384335
1.700000000000001e-07,8.76306680043859,-19.758685826041567
1.750000000000001e-07,8.910065241883647,-20.090807563642453
1.800000000000001e-07,9.048270524660174,-20.40313871736421
1.850000000000001e-07,9.177546256839864,-20.69538032652629
1.900000000000001e-07,9.297764858882562,-20.967252897900025
1.950000000000001e-07,9.40880768954222,-21.218496564801683
2.000000000000001e-07,9.510565162951568,-21.448871350486787
2.050000000000001e-07,9.602936856769384,-21.658157328877547
2.100000000000001e-07,9.685831611286332,-21.846154827681374
2.150000000000001e-07,9.759167619387444,-22.012684572961348
2.200000000000001e-07,9.822872507286862,-22.157587845366145
2.250000000000001e-07,9.876883405951386,-22.280726599292922
2.300000000000002e-07,9.921147013144726,-22.38198357898391
2.350000000000002e-07,9.955619646030755,-22.461262408034255
2.400000000000001e-07,9.980267284282696,-22.518487668752307
2.450000000000001e-07,9.995065603657372,-22.553604959910434
2.500000000000001e-07,10.000000000000009,-22.56658094093167
2.550000000000002e-07,9.99506560365726,-22.55740335723533
2.600000000000002e-07,9.980267284282696,-22.526081049975332
2.650000000000002e-07,9.955619646030755,-22.47264394814119
2.700000000000002e-07,9.921147013144726,-22.397143044871616
2.750000000000002e-07,9.876883405951386,-22.299650355853686
2.800000000000002e-07,9.822872507286862,-22.180258861923097
2.850000000000002e-07,9.759167619387444,-22.039082434062163
2.900000000000002e-07,9.685831611286332,-21.876255742099616
2.950000000000002e-07,9.602936856769384,-21.69193414614867
3.000000000000002e-07,9.510565162951568,-21.486293571298166
3.050000000000002e-07,9.40880768954222,-21.259530365043467
3.100000000000002e-07,9.297764858882562,-21.011861138247045
3.150000000000002e-07,9.177546256839753,-20.743522588035468
3.200000000000002e-07,9.048270524660174,-20.454771304783016
3.250000000000002e-07,8.910065241883647,-20.14588356056446
3.300000000000002e-07,8.76306680043859,-19.817155081570892
3.350000000000002e-07,8.607420270039468,-19.468900802275368
3.400000000000002e-07,8.443279255020197,-19.10145460289914
3.450000000000002e-07,8.270805742745635,-18.71516902916026
3.500000000000002e-07,8.090169943749448,-18.310414995008628
3.550000000000003e-07,7.901550123756929,-17.887581467319393
3.600000000000003e-07,7.705132427757833,-17.447075134348623
3.650000000000003e-07,7.501110696304547,-16.989320055388667
3.700000000000003e-07,7.289686274214113,-16.514757294869618
3.750000000000003e-07,7.071067811865506,-16.02384453748451
3.800000000000003e-07,6.845471059286901,-15.517055687856217
3.850000000000003e-07,6.613118653236549,-14.994880451674852
3.900000000000003e-07,6.374239897486866,-14.457823901563248
3.950000000000003e-07,6.129070536529779,-13.906406024885133
4.000000000000003e-07,5.87785252292472,-13.341161256001598
4.050000000000003e-07,5.620833778521295,-12.762637991981629
4.100000000000003e-07,5.3582679497899965,-12.171398092198249
4.150000000000003e-07,5.090414157503664,-11.568016362789923
4.200000000000003e-07,4.817536741017148,-10.953080025066564
4.250000000000003e-07,4.5399049973954275,-10.327188169700129
4.300000000000003e-07,4.25779291565076,-9.690951195825637
4.350000000000003e-07,3.9714789063477474,-9.044990236195538
4.400000000000003e-07,3.681245526846788,-8.389936568882428
4.450000000000003e-07,3.3873792024529115,-7.726431015266932
4.500000000000004e-07,3.0901699437494434,-7.055123326427992
4.550000000000004e-07,2.7899110603922805,-6.376671556031055
4.600000000000004e-07,2.4868988716485463,-5.691741423482499
4.650000000000004e-07,2.1814324139654007,-5.001005664676428
4.700000000000004e-07,1.8738131458572171,-4.305143374024323
4.750000000000004e-07,1.5643446504023384,-3.604839335599297
4.800000000000004e-07,1.2533323356430648,-2.90078334737931
4.850000000000003e-07,0.9410831331850833,-2.1936695352453572
4.900000000000003e-07,0.6279051952930992,-1.4841956623433683
4.950000000000002e-07,0.31410759078132067,-0.7730624295718691
5.000000000000002e-07,0.0,-0.060972772696787914
5.050000000000001e-07,-0.31410759078132067,0.6513688473074319
5.100000000000001e-07,-0.6279051952930992,1.363257155772457
5.15e-07,-0.9410831331851943,2.0739867808197143
5.2e-07,-1.2533323356430648,2.7828529703395333
5.25e-07,-1.5643446504023384,3.489152311692112
5.299999999999999e-07,-1.8738131458572171,4.192183450216991
5.349999999999999e-07,-2.1814324139654007,4.89124780892769
5.399999999999998e-07,-2.4868988716485463,5.585650305237055
5.449999999999998e-07,-2.7899110603922805,6.27470006648756
5.499999999999997e-07,-3.0901699437494434,6.957711141267198
5.549999999999997e-07,-3.3873792024529115,7.634003207965256
5.599999999999996e-07,-3.681245526846788,8.302902276449808
5.649999999999996e-07,-3.9714789063477474,8.963741386117775
5.699999999999995e-07,-4.257792915650649,9.615861294800187
5.749999999999995e-07,-4.5399049973954275,10.25861116240745
5.799999999999994e-07,-4.817536741017148,10.891349224139368
5.849999999999994e-07,-5.090414157503664,11.513443456169338
5.899999999999993e-07,-5.3582679497898855,12.124272229695809
5.949999999999993e-07,-5.620833778521295,12.723224955668023
5.999999999999992e-07,-5.87785252292472,13.309702716842175
6.049999999999992e-07,-6.129070536529779,13.883118887865752
6.099999999999991e-07,-6.374239897486866,14.442899742768578
6.149999999999991e-07,-6.613118653236438,14.98848504809136
6.19999999999999e-07,-6.84547105928679,15.519328641884321
6.24999999999999e-07,-7.071067811865395,16.034898998188996
6.299999999999989e-07,-7.289686274214113,16.53467977482892
6.349999999999989e-07,-7.501110696304547,17.018170346369654
6.399999999999988e-07,-7.705132427757833,17.484886319147243
6.449999999999988e-07,-7.9015501237568175,17.934360029771888
6.499999999999988e-07,-8.090169943749448,18.366141025554338
6.549999999999987e-07,-8.270805742745523,18.779796526897762
6.599999999999987e-07,-8.443279255020087,19.174911870677214
6.649999999999986e-07,-8.607420270039356,19.551090935037486
6.699999999999986e-07,-8.76306680043859,19.907956544170325
6.749999999999985e-07,-8.910065241883647,20.245150853700267
6.799999999999985e-07,-9.048270524660174,20.562335715588077
6.849999999999984e-07,-9.177546256839753,20.859193022692235
6.899999999999984e-07,-9.297764858882452,21.135425032403287
6.949999999999983e-07,-9.40880768954222,21.390754669457056
6.999999999999983e-07,-9.510565162951456,21.624925807235186
7.049999999999982e-07,-9.602936856769384,21.83770352742531
7.099999999999982e-07,-9.685831611286332,22.02887435852363
7.149999999999981e-07,-9.759167619387444,22.198246491632602
7.199999999999981e-07,-9.822872507286862,22.34564997494126
7.24999999999998e-07,-9.876883405951386,22.470936885266802
7.29999999999998e-07,-9.921147013144726,22.57398147795231
7.349999999999979e-07,-9.955619646030755,22.654680313975774
7.399999999999979e-07,-9.980267284282696,22.712952364144723
7.449999999999978e-07,-9.99506560365726,22.748739091620564
7.499999999999978e-07,-10.000000000000009,22.762004510739065
7.549999999999977e-07,-9.995065603657372,22.752735223873888
7.599999999999977e-07,-9.980267284282696,22.72094043512407
7.649999999999977e-07,-9.955619646030867,22.666651941465332
7.699999999999976e-07,-9.921147013144838,22.589924101094617
7.749999999999976e-07,-9.876883405951386,22.49083377887251
7.799999999999975e-07,-9.822872507286862,22.369480269449515
7.849999999999975e-07,-9.759167619387554,22.225985197524835
7.899999999999974e-07,-9.685831611286332,22.060492395208353
7.949999999999974e-07,-9.602936856769496,21.87316775780579
7.999999999999973e-07,-9.510565162951568,21.664199076066314
8.049999999999973e-07,-9.408807689542332,21.433795847199733
8.099999999999972e-07,-9.297764858882562,21.182189063006174
8.149999999999972e-07,-9.177546256839864,20.909630976553963
8.199999999999971e-07,-9.048270524660285,20.61639484666189
8.249999999999971e-07,-8.910065241883757,20.302774661186128
8.29999999999997e-07,-8.7630668004387,19.969084838418304
8.34999999999997e-07,-8.60742027003958,19.615659908133743
8.399999999999969e-07,-8.443279255020308,19.2428541704861
8.449999999999969e-07,-8.270805742745747,18.851041336003902
8.499999999999968e-07,-8.090169943749558,18.440614143546142
8.549999999999968e-07,-7.90155012375704,18.011983959728806
8.599999999999967e-07,-7.705132427758055,17.56558035768807
8.649999999999967e-07,-7.501110696304769,17.10185067759873
8.699999999999966e-07,-7.289686274214224,16.621259567383806
8.749999999999966e-07,-7.071067811865617,16.124288505919072
8.799999999999966e-07,-6.845471059287012,15.611435307815169
8.849999999999965e-07,-6.61311865323666,15.083213610998737
8.899999999999965e-07,-6.374239897487088,14.540152347363499
8.949999999999964e-07,-6.129070536530001,13.982795197110542
8.999999999999964e-07,-5.877852522924942,13.411700027104123
9.049999999999963e-07,-5.620833778521517,12.827438314612083
9.099999999999963e-07,-5.358267949790219,12.230594555623586
9.149999999999962e-07,-5.090414157503886,11.621765660353667
9.199999999999962e-07,-4.81753674101737,11.001560334470529
9.249999999999961e-07,-4.53990499739565,10.370598448982914
9.299999999999961e-07,-4.257792915650982,9.72951039686576
9.34999999999996e-07,-3.9714789063480804,9.078936440551466
9.39999999999996e-07,-3.68124552684701,8.41952604734242
9.449999999999959e-07,-3.3873792024531335,7.75193721694456
9.499999999999959e-07,-3.0901699437497765,7.0768357989782205
9.54999999999996e-07,-2.7899110603925026,6.394894804085949
9.599999999999959e-07,-2.4868988716487683,5.706793707057511
9.649999999999958e-07,-2.1814324139657337,5.013217744209264
9.699999999999958e-07,-1.8738131458575502,4.314857206028755
9.749999999999957e-07,-1.5643446504025604,3.612406724684103
9.799999999999957e-07,-1.2533323356432868,2.9065645587158517
9.849999999999957e-07,-0.9410831331854164,2.1980318751705363
9.899999999999956e-07,-0.6279051952934323,1.4875120298213362
9.949999999999956e-07,-0.3141075907815427,0.7757098470031476
9.999999999999955e-07,-3.3306690738754696e-13,0.06333089941312764
1.004999999999995e-06,0.3141075907809876,-0.6489192108609654
1.009999999999995e-06,0.6279051952928771,-1.3603355694429276
1.014999999999995e-06,0.9410831331848613,-2.070214663694947
1.019999999999995e-06,1.2533323356427317,-2.7778550931952806
1.024999999999995e-06,1.5643446504020053,-3.4825582758243323
1.029999999999995e-06,1.873813145856995,-4.18362914761039
1.034999999999995e-06,2.1814324139651786,-4.880376857582025
1.039999999999995e-06,2.486898871648213,-5.572115453979509
1.044999999999995e-06,2.7899110603919475,-6.258164564434843
1.049999999999995e-06,3.0901699437492214,-6.937850065723783
1.054999999999995e-06,3.3873792024525784,-7.610504745641289
1.059999999999995e-06,3.681245526846455,-8.275468953839237
1.064999999999995e-06,3.9714789063475253,-8.932091242653373
1.069999999999995e-06,4.257792915650427,-9.579728996013115
1.074999999999995e-06,4.5399049973952055,-10.217749046665613
1.079999999999995e-06,4.817536741016815,-10.845528281107297
1.084999999999995e-06,5.090414157503442,-11.462454230480645
1.089999999999995e-06,5.3582679497896635,-12.067925649200117
1.094999999999995e-06,5.620833778521073,-12.661353078076809
1.099999999999995e-06,5.877852522924498,-13.242159394108999
1.104999999999995e-06,6.129070536529446,-13.80978034450553
1.109999999999994e-06,6.374239897486644,-14.363665065810771
1.114999999999994e-06,6.613118653236216,-14.903276587053703
1.119999999999994e-06,6.8454710592866785,-15.42809231744302
1.124999999999994e-06,7.071067811865173,-15.937604516999437
1.129999999999994e-06,7.289686274213891,-16.431320751741808
1.134999999999994e-06,7.501110696304325,-16.908764331098446
1.139999999999994e-06,7.7051324277576105,-17.369474729288182
1.144999999999994e-06,7.9015501237567065,-17.813007989200045
1.149999999999994e-06,8.090169943749226,-18.238937109390285
1.154999999999994e-06,8.270805742745413,-18.646852413488403
1.159999999999994e-06,8.443279255019975,-19.03636190279756
1.164999999999994e-06,8.607420270039245,-19.40709159081422
1.169999999999994e-06,8.76306680043848,-19.75868582113438
1.174999999999994e-06,8.910065241883537,-20.090807567097468
1.179999999999994e-06,9.048270524660062,-20.403138714935153
1.184999999999994e-06,9.17754625683964,-20.695380328251467
1.189999999999994e-06,9.29776485888234,-20.96725289669754
1.194999999999994e-06,9.408807689542108,-21.218496565640343
1.199999999999994e-06,9.510565162951456,-21.448871349934894
1.204999999999994e-06,9.602936856769272,-21.658157329239035
1.209999999999993e-06,9.685831611286222,-21.846154827402376
1.214999999999993e-06,9.759167619387332,-22.012684573141208
1.219999999999993e-06,9.822872507286862,-22.15758784525701
1.224999999999993e-06,9.876883405951276,-22.28072659938707
1.229999999999993e-06,9.921147013144726,-22.381983578921627
1.234999999999993e-06,9.955619646030755,-22.461262408098982
1.239999999999993e-06,9.980267284282696,-22.518487668732988
1.244999999999993e-06,9.99506560365726,-22.553604959915653
1.249999999999993e-06,10.000000000000009,-22.566580940929228
1.254999999999993e-06,9.995065603657372,-22.557403357264306
1.259999999999993e-06,9.980267284282696,-22.5260810499206
1.264999999999993e-06,9.955619646030867,-22.472643948155845
1.269999999999993e-06,9.921147013144838,-22.39714304486906
1.274999999999993e-06,9.876883405951498,-22.299650355854794
1.279999999999993e-06,9.822872507286974,-22.18025886192443
1.284999999999993e-06,9.759167619387554,-22.03908243405961
1.289999999999993e-06,9.685831611286444,-21.876255742099726
1.294999999999993e-06,9.602936856769606,-21.691934146145563
1.299999999999993e-06,9.510565162951679,-21.486293571299385
1.304999999999993e-06,9.408807689542442,-21.259530365044466
1.309999999999993e-06,9.297764858882672,-21.011861138218514
1.314999999999992e-06,9.177546256839975,-20.743522588064224
1.319999999999992e-06,9.048270524660396,-20.454771304734052
1.324999999999992e-06,8.910065241883869,-20.14588356057745
1.329999999999992e-06,8.763066800438924,-19.817155081573556
1.334999999999992e-06,8.60742027003969,-19.468900802274923
1.339999999999992e-06,8.44327925502042,-19.101454602871716
1.344999999999992e-06,8.270805742745857,-18.71516902921733
1.349999999999992e-06,8.090169943749782,-18.31041499496422
1.354999999999992e-06,7.901550123757151,-17.88758146734981
1.359999999999992e-06,7.705132427758166,-17.447075134301993
1.364999999999992e-06,7.50111069630488,-16.989320055425637
1.369999999999992e-06,7.289686274214446,-16.51475729484442
1.374999999999992e-06,7.071067811865839,-16.02384453753225
1.379999999999992e-06,6.845471059287234,-15.517055687823134
1.384999999999992e-06,6.613118653236882,-14.994880451698611
1.389999999999992e-06,6.3742398974873105,-14.457823901549594
1.394999999999992e-06,6.129070536530223,-13.906406024895457
1.399999999999992e-06,5.877852522925164,-13.341161256031686
1.404999999999992e-06,5.620833778521739,-12.762637991958425
1.409999999999992e-06,5.358267949790441,-12.171398092215234
1.414999999999992e-06,5.090414157504108,-11.568016362752287
1.419999999999991e-06,4.817536741017592,-10.953080025073557
1.424999999999991e-06,4.539904997395983,-10.327188169706346
1.429999999999991e-06,4.257792915651204,-9.690951195823416
1.434999999999991e-06,3.9714789063483025,-9.044990236202533
1.439999999999991e-06,3.681245526847343,-8.389936568848789
1.444999999999991e-06,3.3873792024534666,-7.726431015297797
1.449999999999991e-06,3.0901699437499985,-7.055123326380808
1.454999999999991e-06,2.7899110603928357,-6.376671556041047
1.459999999999991e-06,2.4868988716491014,-5.691741423487273
1.464999999999991e-06,2.1814324139659558,-5.001005664707958
1.469999999999991e-06,1.8738131458577723,-4.305143374004006
1.474999999999991e-06,1.5643446504028935,-3.604839335648924
1.479999999999991e-06,1.25333233564362,-2.9007833473421174
1.484999999999991e-06,0.9410831331857494,-2.1936695353014235
1.489999999999991e-06,0.6279051952936543,-1.4841956623347086
1.494999999999991e-06,0.3141075907818758,-0.7730624296055089
1.499999999999991e-06,5.551115123125783e-13,-0.060972772669809494
1.504999999999991e-06,-0.31410759078065453,0.651368847287559
1.509999999999991e-06,-0.6279051952925441,1.3632571557831152
1.514999999999991e-06,-0.9410831331845282,2.0739867808100554
1.519999999999991e-06,-1.2533323356423987,2.7828529703712857
1.52499999999999e-06,-1.5643446504016723,3.4891523116609147
1.52999999999999e-06,-1.873813145856662,4.192183450202447
1.53499999999999e-06,-2.1814324139648456,4.891247808943455
1.53999999999999e-06,-2.486898871647991,5.585650305256484
1.54499999999999e-06,-2.7899110603917254,6.274700066465133
1.54999999999999e-06,-3.0901699437488883,6.957711141278744
1.55499999999999e-06,-3.3873792024523564,7.634003207956819
1.55999999999999e-06,-3.681245526846233,8.30290227648456
1.56499999999999e-06,-3.9714789063471923,8.96374138611511
1.56999999999999e-06,-4.257792915650205,9.615861294791417
1.57499999999999e-06,-4.539904997394872,10.258611162412667
1.57999999999999e-06,-4.817536741016593,10.891349224131929
1.58499999999999e-06,-5.090414157503109,11.513443456171558
1.58999999999999e-06,-5.358267949789441,12.12427222969259
1.59499999999999e-06,-5.62083377852074,12.723224955696889
1.59999999999999e-06,-5.877852522924165,13.30970271681242
1.60499999999999e-06,-6.129070536529224,13.883118887884516
1.60999999999999e-06,-6.374239897486422,14.442899742755145
1.61499999999999e-06,-6.613118653235994,14.988485048063938
1.61999999999999e-06,-6.8454710592864565,15.519328641907082
1.62499999999999e-06,-7.071067811865062,16.0348989981689
1.629999999999989e-06,-7.289686274213669,16.534679774806605
1.634999999999989e-06,-7.501110696304103,17.01817034635966
1.639999999999989e-06,-7.7051324277574995,17.484886319156125
1.644999999999989e-06,-7.9015501237564845,17.934360029759013
1.649999999999989e-06,-8.090169943749114,18.366141025560445
1.654999999999989e-06,-8.27080574274519,18.77979652689421
1.659999999999989e-06,-8.443279255019753,19.17491187067688
1.664999999999989e-06,-8.607420270039135,19.551090935037262
1.669999999999989e-06,-8.763066800438256,19.90795654416866
1.674999999999989e-06,-8.910065241883313,20.245150853697936
1.679999999999989e-06,-9.048270524659952,20.5623357155873
1.684999999999989e-06,-9.17754625683953,20.8591930226919
1.689999999999989e-06,-9.297764858882228,21.135425032400956
1.694999999999989e-06,-9.408807689541998,21.39075466945628
1.699999999999989e-06,-9.510565162951345,21.62492580720443
1.704999999999989e-06,-9.602936856769272,21.83770352745118
1.709999999999989e-06,-9.685831611286112,22.02887435850287
1.714999999999989e-06,-9.759167619387332,22.1982464916729
1.719999999999989e-06,-9.82287250728675,22.34564997490873
1.724999999999989e-06,-9.876883405951276,22.470936885258364
1.729999999999989e-06,-9.921147013144726,22.57398147799694
1.734999999999988e-06,-9.955619646030755,22.654680313965446
1.739999999999988e-06,-9.980267284282696,22.71295236413917
1.744999999999988e-06,-9.99506560365726,22.748739091626003
1.749999999999988e-06,-10.000000000000009,22.76200451073651
1.754999999999988e-06,-9.995065603657372,22.752735223873223
1.759999999999988e-06,-9.980267284282807,22.720940435125403
1.764999999999988e-06,-9.955619646030867,22.66665194149775
1.769999999999988e-06,-9.921147013144838,22.58992410106575
1.774999999999988e-06,-9.876883405951498,22.49083377889205
1.779999999999988e-06,-9.822872507287084,22.369480269471055
1.784999999999988e-06,-9.759167619387664,22.225985197537046
1.789999999999988e-06,-9.685831611286444,22.060492395195254
1.794999999999988e-06,-9.602936856769606,21.873167757817
1.799999999999988e-06,-9.510565162951789,21.664199076060875
1.804999999999988e-06,-9.408807689542552,21.433795847201065
1.809999999999988e-06,-9.297764858882784,21.18218906303504
1.814999999999988e-06,-9.177546256840085,20.909630976559512
1.819999999999988e-06,-9.048270524660506,20.616394846653897
1.824999999999988e-06,-8.91006524188409,20.302774661195233
1.829999999999988e-06,-8.763066800439034,19.96908483841753
1.834999999999988e-06,-8.6074202700398,19.61565990810543
1.839999999999987e-06,-8.443279255020531,19.242854170512746
1.844999999999987e-06,-8.270805742746079,18.851041335989137
1.849999999999987e-06,-8.090169943749892,18.440614143557575
1.854999999999987e-06,-7.901550123757373,18.011983959692724
1.859999999999987e-06,-7.705132427758388,17.565580357720712
1.864999999999987e-06,-7.501110696305102,17.10185067757908
1.869999999999987e-06,-7.289686274214668,16.62125956739635
1.874999999999987e-06,-7.071067811866061,16.124288505915075
1.879999999999987e-06,-6.845471059287456,15.611435307821054
1.884999999999987e-06,-6.6131186532371045,15.083213610997849
1.889999999999987e-06,-6.3742398974875325,14.540152347397694
1.894999999999987e-06,-6.129070536530445,13.982795197083565
1.899999999999987e-06,-5.877852522925386,13.41170002712655
1.904999999999987e-06,-5.620833778521961,12.827438314571339
1.909999999999987e-06,-5.358267949790663,12.230594555629803
1.914999999999987e-06,-5.0904141575044415,11.621765660329464
1.919999999999987e-06,-4.817536741017925,11.001560334523152
1.924999999999987e-06,-4.539904997396205,10.370598448940505
1.929999999999987e-06,-4.257792915651537,9.72951039689518
1.934999999999987e-06,-3.9714789063486355,9.07893644053459
1.939999999999987e-06,-3.6812455268475652,8.419526047385384
1.944999999999986e-06,-3.3873792024536886,7.751937216916027
1.949999999999986e-06,-3.0901699437503316,7.076835799000758
1.954999999999986e-06,-2.7899110603931687,6.394894804075957
1.959999999999986e-06,-2.4868988716494345,5.70679370706817
1.964999999999986e-06,-2.181432413966289,5.013217744206044
1.969999999999986e-06,-1.8738131458581053,4.314857206062284
1.974999999999986e-06,-1.5643446504032266,3.6124067246570135
1.979999999999986e-06,-1.253332335643953,2.9065645587393885
1.984999999999986e-06,-0.9410831331859715,2.1980318751613215
1.989999999999986e-06,-0.6279051952939874,1.4875120298322164
1.994999999999986e-06,-0.31410759078220885,0.7757098470313473
1.999999999999986e-06,-8.881784197001252e-13,0.06333089941967796
2.004999999999986e-06,0.31410759078032147,-0.648919210869292
2.009999999999986e-06,0.627905195292211,-1.3603355694313812
2.014999999999986e-06,0.9410831331841951,-2.0702146636671914
2.019999999999986e-06,1.2533323356421766,-2.777855093217374
2.024999999999986e-06,1.5643446504014502,-3.4825582758353235
2.029999999999986e-06,1.873813145856329,-4.183629147623047
2.034999999999986e-06,2.1814324139645125,-4.880376857532398
2.039999999999986e-06,2.486898871647658,-5.57211545401648
2.044999999999986e-06,2.7899110603913924,-6.258164564409419
2.049999999999985e-06,3.0901699437485552,-6.937850065767082
2.054999999999985e-06,3.3873792024520233,-7.610504745606206
2.059999999999985e-06,3.6812455268459,-8.275468953862442
2.064999999999985e-06,3.97147890634697,-8.932091242634943
2.069999999999985e-06,4.257792915649872,-9.579728995988246
2.074999999999985e-06,4.53990499739465,-10.217749046712242
2.079999999999985e-06,4.8175367410162595,-10.84552828106078
2.084999999999985e-06,5.090414157502887,-11.462454230508179
2.089999999999985e-06,5.358267949789219,-12.067925649180577
2.094999999999985e-06,5.620833778520518,-12.661353078086023
2.099999999999985e-06,5.877852522923943,-13.242159394100895
2.104999999999985e-06,6.129070536529002,-13.809780344505862
2.109999999999985e-06,6.3742398974862,-14.363665065779463
2.114999999999985e-06,6.613118653235772,-14.903276587080905
2.119999999999985e-06,6.8454710592862344,-15.428092317389952
2.124999999999985e-06,7.07106781186484,-15.93760451703885
2.129999999999985e-06,7.289686274213447,-16.43132075171161
2.134999999999985e-06,7.501110696303992,-16.908764331111435
2.139999999999985e-06,7.7051324277572775,-17.369474729247546
2.144999999999985e-06,7.901550123756262,-17.81300798923069
2.149999999999984e-06,8.090169943748894,-18.238937109366415
2.154999999999984e-06,8.270805742745079,-18.6468524135317
2.159999999999984e-06,8.443279255019643,-19.036361902760813
2.164999999999984e-06,8.607420270038912,-19.40709159083709
2.169999999999984e-06,8.763066800438146,-19.758685821088196
2.174999999999984e-06,8.910065241883203,-20.09080756716064
2.179999999999984e-06,9.04827052465973,-20.403138714883195
2.184999999999984e-06,9.17754625683942,-20.695380328285108
2.189999999999984e-06,9.297764858882118,-20.967252896646915
2.194999999999984e-06,9.408807689541888,-21.21849656567809
2.199999999999984e-06,9.510565162951234,-21.448871349879607
2.204999999999984e-06,9.602936856769162,-21.65815732928078
2.209999999999984e-06,9.685831611286112,-21.846154827404042
2.214999999999984e-06,9.75916761938722,-22.012684573160413
2.219999999999984e-06,9.82287250728664,-22.15758784523869
2.224999999999984e-06,9.876883405951165,-22.280726599398616
2.229999999999984e-06,9.921147013144616,-22.38198357891219
2.234999999999984e-06,9.955619646030755,-22.461262408076333
2.239999999999984e-06,9.980267284282696,-22.51848766875908
2.244999999999984e-06,9.99506560365726,-22.553604959896887
2.249999999999984e-06,10.000000000000009,-22.56658094094133
2.254999999999983e-06,9.995065603657372,-22.557403357259087
2.259999999999983e-06,9.980267284282807,-22.52608104995324
2.264999999999983e-06,9.955619646030867,-22.472643948154513
2.269999999999983e-06,9.92114701314495,-22.39714304486018
2.274999999999983e-06,9.876883405951498,-22.2996503558619
2.279999999999983e-06,9.822872507287084,-22.180258861920322
2.284999999999983e-06,9.759167619387664,-22.039082434033077
2.289999999999983e-06,9.685831611286556,-21.876255742128592
2.294999999999983e-06,9.602936856769716,-21.691934146158665
2.299999999999983e-06,9.5105651629519,-21.486293571284733
2.304999999999983e-06,9.408807689542664,-21.259530365058232
2.309999999999983e-06,9.297764858882896,-21.011861138211742
2.314999999999983e-06,9.177546256840197,-20.743522588067442
2.319999999999983e-06,9.048270524660618,-20.454771304762254
2.324999999999983e-06,8.910065241884201,-20.145883560582
2.329999999999983e-06,8.763066800439145,-19.817155081562234
2.334999999999983e-06,8.607420270040024,-19.46890080228336
2.339999999999983e-06,8.443279255020752,-19.101454602866607
2.344999999999983e-06,8.270805742746191,-18.71516902922199
2.349999999999983e-06,8.090169943750114,-18.310414994933577
2.354999999999983e-06,7.901550123757595,-17.887581467381565
2.359999999999982e-06,7.70513242775861,-17.44707513428456
2.364999999999982e-06,7.501110696305324,-16.98932005543996
2.369999999999982e-06,7.2896862742148905,-16.514757294840866
2.374999999999982e-06,7.071067811866283,-16.02384453750649
2.379999999999982e-06,6.845471059287678,-15.517055687849112
2.384999999999982e-06,6.6131186532373265,-14.994880451652982
2.389999999999982e-06,6.3742398974877545,-14.457823901591006
2.394999999999982e-06,6.1290705365306675,-13.90640602487181
2.399999999999982e-06,5.8778525229256084,-13.341161256047119
2.404999999999982e-06,5.620833778522183,-12.762637991950431
2.409999999999982e-06,5.358267949790885,-12.171398092223228
2.414999999999982e-06,5.0904141575046635,-11.568016362752175
2.419999999999982e-06,4.817536741018147,-10.953080025075334
2.424999999999982e-06,4.539904997396427,-10.327188169675704
2.429999999999982e-06,4.257792915651759,-9.690951195822084
2.434999999999982e-06,3.9714789063488576,-9.044990236213746
2.439999999999982e-06,3.6812455268478983,-8.38993656887621
2.444999999999982e-06,3.3873792024540217,-7.726431015309787
2.449999999999982e-06,3.0901699437505536,-7.055123326404011
2.454999999999982e-06,2.7899110603933908,-6.3766715560238385
2.459999999999982e-06,2.4868988716496565,-5.691741423472285
2.464999999999981e-06,2.181432413966511,-5.001005664696634
2.469999999999981e-06,1.8738131458584384,-4.305143373986353
2.474999999999981e-06,1.5643446504034486,-3.6048393356408193
2.479999999999981e-06,1.253332335644175,-2.9007833473265743
2.484999999999981e-06,0.9410831331863045,-2.193669535318965
2.489999999999981e-06,0.6279051952943204,-1.4841956622928532
2.494999999999981e-06,0.3141075907824309,-0.7730624296418132
2.499999999999981e-06,1.2212453270876722e-12,-0.06097277262195888
2.504999999999981e-06,-0.3141075907800994,0.6513688472454815
2.509999999999981e-06,-0.627905195291989,1.3632571558080953
2.514999999999981e-06,-0.9410831331839731,2.0739867807918477
2.519999999999981e-06,-1.2533323356418435,2.782852970348859
2.524999999999981e-06,-1.5643446504011171,3.489152311651589
2.529999999999981e-06,-1.873813145855996,4.192183450213993
2.534999999999981e-06,-2.1814324139641794,4.891247808961441
2.539999999999981e-06,-2.486898871647325,5.585650305229062
2.544999999999981e-06,-2.7899110603911703,6.274700066448258
2.549999999999981e-06,-3.090169943748333,6.957711141293399
2.554999999999981e-06,-3.3873792024518012,7.634003207908413
2.559999999999981e-06,-3.681245526845678,8.302902276517422
2.564999999999981e-06,-3.971478906346637,8.963741386089353
2.56999999999998e-06,-4.25779291564965,9.615861294805072
2.57499999999998e-06,-4.539904997394428,10.258611162370034
2.57999999999998e-06,-4.8175367410160375,10.891349224161907
2.58499999999998e-06,-5.090414157502665,11.513443456147243
2.58999999999998e-06,-5.358267949788886,12.12427222970236
2.59499999999998e-06,-5.6208337785202955,12.723224955657585
2.59999999999998e-06,-5.877852522923721,13.309702716844507
2.60499999999998e-06,-6.12907053652878,13.883118887859425
2.60999999999998e-06,-6.374239897485978,14.442899742764581
2.61499999999998e-06,-6.61311865323555,14.988485048087806
2.61999999999998e-06,-6.845471059286012,15.519328641912411
2.62499999999998e-06,-7.0710678118646175,16.03489899815902
2.62999999999998e-06,-7.289686274213225,16.534679774845905
2.63499999999998e-06,-7.50111069630377,17.018170346353113
2.63999999999998e-06,-7.705132427757055,17.484886319151794
2.64499999999998e-06,-7.901550123756151,17.9343600297317
2.64999999999998e-06,-8.090169943748782,18.36614102558287
2.65499999999998e-06,-8.270805742744859,18.779796526877224
2.65999999999998e-06,-8.44327925501942,19.174911870686095
2.66499999999998e-06,-8.607420270038801,19.55109093503249
2.66999999999998e-06,-8.763066800438036,19.90795654417021
2.674999999999979e-06,-8.910065241883093,20.24515085369616
2.679999999999979e-06,-9.048270524659618,20.562335715586745
2.684999999999979e-06,-9.177546256839308,20.85919302268846
2.689999999999979e-06,-9.297764858882008,21.13542503240207
2.694999999999979e-06,-9.408807689541776,21.39075466945428
2.699999999999979e-06,-9.510565162951124,21.624925807233186
2.704999999999979e-06,-9.602936856769052,21.8377035274232
2.709999999999979e-06,-9.685831611286,22.028874358520522
2.714999999999979e-06,-9.75916761938722,22.19824649166069
2.719999999999979e-06,-9.82287250728664,22.34564997491495
2.724999999999979e-06,-9.876883405951165,22.4709368852537
2.729999999999979e-06,-9.921147013144616,22.57398147796774
2.734999999999979e-06,-9.955619646030645,22.654680313962892
2.739999999999979e-06,-9.980267284282585,22.712952364149388
2.744999999999979e-06,-9.99506560365726,22.748739091648098
2.749999999999979e-06,-10.000000000000009,22.762004510713307
2.754999999999979e-06,-9.995065603657372,22.75273522388921
2.759999999999979e-06,-9.980267284282807,22.72094043511652
2.764999999999979e-06,-9.955619646030978,22.666651941504632
2.769999999999979e-06,-9.92114701314495,22.58992410106364
2.774999999999979e-06,-9.87688340595161,22.490833778894714
2.779999999999978e-06,-9.822872507287084,22.3694802694393
2.784999999999978e-06,-9.759167619387776,22.225985197532715
2.789999999999978e-06,-9.685831611286666,22.060492395206577
2.794999999999978e-06,-9.602936856769828,21.87316775781167
2.799999999999978e-06,-9.510565162952012,21.66419907606565
2.804999999999978e-06,-9.408807689542776,21.433795847233704
2.809999999999978e-06,-9.297764858883006,21.18218906297875
2.814999999999978e-06,-9.177546256840309,20.909630976573943
2.819999999999978e-06,-9.04827052466084,20.61639484665456
2.824999999999978e-06,-8.910065241884313,20.302774661161816
2.829999999999978e-06,-8.763066800439256,19.969084838476924
2.834999999999978e-06,-8.607420270040134,19.615659908089444
2.839999999999978e-06,-8.443279255020864,19.242854170516853
2.844999999999978e-06,-8.270805742746411,18.85104133599169
2.849999999999978e-06,-8.090169943750336,18.440614143557244
2.854999999999978e-06,-7.901550123757706,18.01198395969561
2.859999999999978e-06,-7.705132427758832,17.565580357722045
2.864999999999978e-06,-7.501110696305546,17.101850677578966
2.869999999999978e-06,-7.2896862742151125,16.621259567397463
2.874999999999978e-06,-7.071067811866505,16.12428850591774
2.879999999999978e-06,-6.8454710592879,15.61143530782305
2.884999999999977e-06,-6.6131186532375485,15.083213610998847
2.889999999999977e-06,-6.374239897487977,14.540152347400582
2.894999999999977e-06,-6.1290705365308895,13.982795197084453
2.899999999999977e-06,-5.8778525229259415,13.411700027156748
2.904999999999977e-06,-5.620833778522516,12.827438314578
2.909999999999977e-06,-5.358267949791218,12.230594555622032
2.914999999999977e-06,-5.090414157504886,11.621765660337346
2.919999999999977e-06,-4.817536741018369,11.001560334491955
2.924999999999977e-06,-4.53990499739676,10.370598448942282
2.929999999999977e-06,-4.257792915651981,9.729510396873643
2.934999999999977e-06,-3.9714789063491907,9.078936440557905
2.939999999999977e-06,-3.6812455268481203,8.419526047373061
2.944999999999977e-06,-3.3873792024542437,7.751937216924909
2.949999999999977e-06,-3.0901699437508867,7.076835798966341
2.954999999999977e-06,-2.789911060393724,6.394894804109041
2.959999999999977e-06,-2.4868988716499896,5.706793707049407
2.964999999999977e-06,-2.181432413966844,5.013217744222032
2.969999999999977e-06,-1.8738131458586604,4.314857206058509
2.974999999999977e-06,-1.5643446504037817,3.6124067246332547
2.979999999999977e-06,-1.253332335644508,2.9065645587339484
2.984999999999977e-06,-0.9410831331866376,2.1980318751426697
2.989999999999976e-06,-0.6279051952945425,1.4875120298523115
2.994999999999976e-06,-0.31410759078276396,0.775709847019801
2.999999999999976e-06,-1.5543122344752192e-12,0.06333089942800463
3.004999999999976e-06,0.31410759077976635,-0.6489192108716235
3.009999999999976e-06,0.6279051952916559,-1.360335569425053
3.014999999999976e-06,0.94108313318364,-2.0702146636677465
3.019999999999976e-06,1.2533323356415105,-2.7778550932150425
3.024999999999976e-06,1.564344650400784,-3.482558275832437
3.029999999999976e-06,1.8738131458557739,-4.183629147619938
3.034999999999976e-06,2.1814324139639574,-4.880376857562485
3.039999999999976e-06,2.486898871647103,-5.572115453985282
3.044999999999976e-06,2.7899110603908372,-6.258164564456381
3.049999999999976e-06,3.090169943748,-6.937850065725448
3.054999999999976e-06,3.387379202451468,-7.61050474565883
3.059999999999976e-06,3.681245526845345,-8.275468953847454
3.064999999999976e-06,3.971478906346415,-8.93209124266281
3.069999999999976e-06,4.257792915649317,-9.5797289959626
3.074999999999976e-06,4.539904997394095,-10.217749046731562
3.079999999999976e-06,4.817536741015815,-10.845528281045901
3.084999999999976e-06,5.090414157502332,-11.462454230511398
3.089999999999975e-06,5.358267949788664,-12.06792564917636
3.094999999999975e-06,5.6208337785200735,-12.661353078083915
3.099999999999975e-06,5.877852522923499,-13.242159394097563
3.104999999999975e-06,6.129070536528558,-13.809780344506194
3.109999999999975e-06,6.374239897485756,-14.363665065808107
3.114999999999975e-06,6.613118653235328,-14.903276587052039
3.119999999999975e-06,6.84547105928579,-15.428092317438914
3.124999999999975e-06,7.0710678118643955,-15.937604516997329
3.129999999999975e-06,7.289686274213003,-16.431320751737477
3.134999999999975e-06,7.501110696303548,-16.90876433106636
3.139999999999975e-06,7.705132427756833,-17.369474729282743
3.144999999999975e-06,7.901550123755929,-17.8130079892046
3.149999999999975e-06,8.09016994374856,-18.238937109379293
3.154999999999975e-06,8.270805742744747,-18.646852413494287
3.159999999999975e-06,8.44327925501931,-19.036361902794674
3.164999999999975e-06,8.60742027003858,-19.407091590782912
3.169999999999975e-06,8.763066800437812,-19.75868582115714
3.174999999999975e-06,8.91006524188298,-20.090807567107017
3.179999999999975e-06,9.048270524659507,-20.403138714917834
3.184999999999975e-06,9.177546256839197,-20.69538032826057
3.189999999999975e-06,9.297764858881896,-20.96725289668633
3.194999999999974e-06,9.408807689541664,-21.21849656564223
3.199999999999974e-06,9.510565162951012,-21.448871349901367
3.204999999999974e-06,9.60293685676894,-21.65815732926668
3.209999999999974e-06,9.685831611285888,-21.846154827380282
3.214999999999974e-06,9.75916761938711,-22.01268457318417
3.219999999999974e-06,9.82287250728664,-22.15758784522248
3.224999999999974e-06,9.876883405951165,-22.280726599378298
3.229999999999974e-06,9.921147013144616,-22.381983578904197
3.234999999999974e-06,9.955619646030645,-22.461262408087656
3.239999999999974e-06,9.980267284282585,-22.518487668717114
3.244999999999974e-06,9.99506560365726,-22.55360495993164
3.249999999999974e-06,10.000000000000009,-22.566580940950985
3.254999999999974e-06,9.995065603657372,-22.557403357243434
3.259999999999974e-06,9.980267284282807,-22.526081049965896
3.264999999999974e-06,9.955619646030978,-22.472643948150296
3.269999999999974e-06,9.92114701314495,-22.397143044866176
3.274999999999974e-06,9.87688340595161,-22.2996503558901
3.279999999999974e-06,9.822872507287194,-22.18025886189534
3.284999999999974e-06,9.759167619387888,-22.039082434084257
3.289999999999974e-06,9.685831611286776,-21.876255742089622
3.294999999999974e-06,9.60293685676994,-21.691934146155223
3.299999999999973e-06,9.510565162952012,-21.486293571267968
3.304999999999973e-06,9.408807689542776,-21.259530365044576
3.309999999999973e-06,9.297764858883117,-21.01186113825715
3.314999999999973e-06,9.177546256840529,-20.74352258803158
3.319999999999973e-06,9.04827052466095,-20.4547713047889
3.324999999999973e-06,8.910065241884425,-20.145883560564904
3.329999999999973e-06,8.763066800439478,-19.817155081606085
3.334999999999973e-06,8.607420270040244,-19.468900802252165
3.339999999999973e-06,8.443279255021086,-19.101454602890033
3.344999999999973e-06,8.270805742746635,-18.715169029181023
3.349999999999973e-06,8.090169943750446,-18.3104149950003
3.354999999999973e-06,7.901550123757928,-17.88758146732894
3.359999999999973e-06,7.705132427759054,-17.447075134319423
3.364999999999973e-06,7.501110696305768,-16.989320055392554
3.369999999999973e-06,7.2896862742153345,-16.5147572948805
3.374999999999973e-06,7.071067811866727,-16.023844537513597
3.379999999999973e-06,6.845471059288122,-15.517055687836567
3.384999999999973e-06,6.613118653237771,-14.994880451666193
3.389999999999973e-06,6.374239897488199,-14.457823901586897
3.394999999999973e-06,6.129070536531112,-13.906406024876583
3.399999999999973e-06,5.877852522926164,-13.341161256046231
3.404999999999972e-06,5.620833778522738,-12.762637991954872
3.409999999999972e-06,5.35826794979144,-12.171398092223896
3.414999999999972e-06,5.090414157505219,-11.568016362752953
3.419999999999972e-06,4.817536741018702,-10.953080025077888
3.424999999999972e-06,4.539904997396982,-10.327188169678037
3.429999999999972e-06,4.257792915652314,-9.690951195854947
3.434999999999972e-06,3.9714789063494127,-9.044990236184436
3.439999999999972e-06,3.6812455268484534,-8.389936568864776
3.444999999999972e-06,3.387379202454577,-7.726431015295354
3.449999999999972e-06,3.0901699437511088,-7.055123326418666
3.454999999999972e-06,2.789911060393946,-6.376671556015845
3.459999999999972e-06,2.4868988716502116,-5.691741423481389
3.464999999999972e-06,2.181432413967177,-5.0010056646946355
3.469999999999972e-06,1.8738131458589935,-4.305143374022102
3.474999999999972e-06,1.5643446504041147,-3.604839335613508
3.479999999999972e-06,1.2533323356448411,-2.900783347380864
3.484999999999972e-06,0.9410831331868597,-2.1936695352521296
3.489999999999972e-06,0.6279051952948755,-1.4841956623502517
3.494999999999972e-06,0.314107590783097,-0.773062429611282
3.499999999999972e-06,1.7763568394002505e-12,-0.06097277267436141
3.504999999999972e-06,-0.3141075907794333,0.6513688473123169
3.509999999999971e-06,-0.6279051952913228,1.3632571557802287
3.514999999999971e-06,-0.9410831331833069,2.0739867807970658
3.519999999999971e-06,-1.2533323356412884,2.7828529703444183
3.524999999999971e-06,-1.564344650400562,3.4891523116786782
3.529999999999971e-06,-1.8738131458554408,4.192183450213771
3.534999999999971e-06,-2.1814324139636243,4.891247808919474
3.539999999999971e-06,-2.48689887164677,5.585650305265477
3.544999999999971e-06,-2.789911060390504,6.274700066452588
3.549999999999971e-06,-3.090169943747778,6.957711141280187
3.554999999999971e-06,-3.387379202451135,7.634003207918294
3.559999999999971e-06,-3.6812455268451227,8.302902276507762
3.564999999999971e-06,-3.971478906346082,8.963741386060931
3.569999999999971e-06,-4.257792915649095,9.615861294829497
3.574999999999971e-06,-4.539904997393873,10.258611162382913
3.579999999999971e-06,-4.817536741015482,10.891349224174117
3.584999999999971e-06,-5.09041415750211,11.51344345613059
3.589999999999971e-06,-5.358267949788442,12.124272229712684
3.594999999999971e-06,-5.62083377851974,12.72322495567979
3.599999999999971e-06,-5.877852522923277,13.309702716785555
3.604999999999971e-06,-6.129070536528336,13.88311888787186
3.609999999999971e-06,-6.374239897485423,14.442899742763249
3.61499999999997e-06,-6.613118653235106,14.98848504808581
3.61999999999997e-06,-6.845471059285568,15.519328641912523
3.62499999999997e-06,-7.071067811864173,16.03489899815347
3.62999999999997e-06,-7.289686274212781,16.53467977484324
3.63499999999997e-06,-7.501110696303326,17.018170346351667
3.63999999999997e-06,-7.705132427756722,17.484886319148572
3.64499999999997e-06,-7.901550123755707,17.93436002973092
3.64999999999997e-06,-8.090169943748338,18.366141025580873
3.65499999999997e-06,-8.270805742744525,18.779796526874115
3.65999999999997e-06,-8.443279255019087,19.174911870684987
3.66499999999997e-06,-8.607420270038467,19.551090935029492
3.66999999999997e-06,-8.763066800437702,19.90795654417077
3.67499999999997e-06,-8.910065241882869,20.245150853694604
3.67999999999997e-06,-9.048270524659397,20.562335715587075
3.68499999999997e-06,-9.177546256839086,20.85919302268835
3.68999999999997e-06,-9.297764858881784,21.135425032369536
3.69499999999997e-06,-9.408807689541554,21.390754669513456
3.69999999999997e-06,-9.5105651629509,21.624925807186557
3.70499999999997e-06,-9.60293685676894,21.83770352745451
3.70999999999997e-06,-9.685831611285888,22.028874358470453
3.71499999999997e-06,-9.75916761938711,22.198246491667017
3.719999999999969e-06,-9.82287250728653,22.3456499749185
3.724999999999969e-06,-9.876883405951054,22.470936885249372
3.729999999999969e-06,-9.921147013144505,22.57398147800105
3.734999999999969e-06,-9.955619646030645,22.65468031396334
3.739999999999969e-06,-9.980267284282585,22.712952364142723
3.744999999999969e-06,-9.99506560365726,22.74873909162323
3.749999999999969e-06,-10.000000000000009,22.762004510736954
3.754999999999969e-06,-9.995065603657372,22.752735223872445
3.759999999999969e-06,-9.980267284282807,22.72094043512407
3.764999999999969e-06,-9.955619646030978,22.666651941499527
3.769999999999969e-06,-9.92114701314506,22.589924101067748
3.774999999999969e-06,-9.87688340595172,22.490833778860964
3.779999999999969e-06,-9.822872507287306,22.369480269467278
3.784999999999969e-06,-9.759167619387888,22.225985197515286
3.789999999999969e-06,-9.685831611286776,22.06049239521779
3.794999999999969e-06,-9.60293685676994,21.8731677578049
3.799999999999969e-06,-9.510565162952123,21.66419907607009
3.804999999999969e-06,-9.408807689542886,21.433795847200066
3.809999999999969e-06,-9.297764858883228,21.18218906301028
3.814999999999969e-06,-9.17754625684064,20.909630976556514
3.819999999999969e-06,-9.048270524661062,20.616394846665443
3.824999999999968e-06,-8.910065241884535,20.302774661187463
3.829999999999968e-06,-8.763066800439589,19.969084838454833
3.834999999999968e-06,-8.607420270040468,19.615659908078786
3.839999999999968e-06,-8.443279255021196,19.242854170536617
3.844999999999968e-06,-8.270805742746745,18.851041335980256
3.849999999999968e-06,-8.09016994375067,18.44061414356757
3.854999999999968e-06,-7.90155012375815,18.011983959692724
3.859999999999968e-06,-7.705132427759165,17.565580357694955
3.864999999999968e-06,-7.501110696305879,17.101850677577303
3.869999999999968e-06,-7.289686274215557,16.621259567379255
3.874999999999968e-06,-7.071067811866949,16.124288505906968
3.879999999999968e-06,-6.845471059288344,15.611435307838262
3.884999999999968e-06,-6.613118653238104,15.083213610990631
3.889999999999968e-06,-6.374239897488421,14.5401523474068
3.894999999999968e-06,-6.129070536531334,13.98279519708101
3.899999999999968e-06,-5.877852522926386,13.411700027132989
3.904999999999968e-06,-5.62083377852296,12.827438314575668
3.909999999999968e-06,-5.358267949791662,12.230594555633578
3.914999999999968e-06,-5.090414157505441,11.62176566033235
3.919999999999968e-06,-4.817536741018924,11.001560334500283
3.924999999999968e-06,-4.539904997397315,10.370598448942946
3.929999999999967e-06,-4.257792915652647,9.729510396878084
3.934999999999967e-06,-3.9714789063497458,9.07893644052804
3.939999999999967e-06,-3.6812455268486755,8.419526047370951
3.944999999999967e-06,-3.38737920245491,7.751937216936677
3.949999999999967e-06,-3.090169943751442,7.076835798992209
3.954999999999967e-06,-2.789911060394279,6.394894804087281
3.959999999999967e-06,-2.4868988716505447,5.706793707035751
3.964999999999967e-06,-2.181432413967399,5.013217744211262
3.969999999999967e-06,-1.8738131458593266,4.314857206046074
3.974999999999967e-06,-1.5643446504043368,3.612406724684769
3.979999999999967e-06,-1.2533323356450632,2.9065645586988653
3.984999999999967e-06,-0.9410831331871927,2.1980318751707584
3.989999999999967e-06,-0.6279051952952086,1.4875120298406541
3.994999999999967e-06,-0.31410759078331907,0.7757098470312362
3.999999999999967e-06,-2.1094237467877974e-12,0.06333089939614123
4.004999999999967e-06,0.31410759077921124,-0.6489192108368735
4.009999999999967e-06,0.6279051952911008,-1.3603355694441488
4.014999999999967e-06,0.9410831331830849,-2.070214663685621
4.019999999999967e-06,1.2533323356409554,-2.7778550931946144
4.024999999999967e-06,1.564344650400229,-3.4825582758459817
4.029999999999966e-06,1.8738131458552187,-4.183629147608614
4.034999999999966e-06,2.1814324139632912,-4.880376857564928
4.039999999999966e-06,2.486898871646548,-5.572115453982063
4.044999999999966e-06,2.789911060390282,-6.258164564424407
4.049999999999966e-06,3.090169943747445,-6.937850065752427
4.054999999999966e-06,3.387379202450913,-7.610504745639068
4.059999999999966e-06,3.6812455268447897,-8.275468953855558
4.064999999999966e-06,3.97147890634586,-8.932091242624951
4.069999999999966e-06,4.2577929156488725,-9.579728995989466
4.074999999999966e-06,4.53990499739354,-10.21774904667705
4.079999999999966e-06,4.81753674101526,-10.845528281085981
4.084999999999966e-06,5.090414157501888,-11.462454230483754
4.089999999999966e-06,5.358267949788109,-12.06792564918957
4.094999999999966e-06,5.620833778519518,-12.661353078072924
4.099999999999966e-06,5.877852522922944,-13.24215939413187
4.104999999999966e-06,6.129070536528003,-13.809780344504418
4.109999999999966e-06,6.374239897485201,-14.36366506579645
4.114999999999966e-06,6.613118653234884,-14.903276587055036
4.119999999999966e-06,6.845471059285346,-15.428092317435361
4.124999999999966e-06,7.071067811863951,-15.937604516997993
4.129999999999966e-06,7.28968627421267,-16.43132075173459
4.134999999999965e-06,7.501110696303104,-16.90876433109645
4.139999999999965e-06,7.7051324277565,-17.369474729251877
4.144999999999965e-06,7.901550123755596,-17.813007989221695
4.149999999999965e-06,8.090169943748226,-18.238937109366084
4.154999999999965e-06,8.270805742744415,-18.64685241349995
4.159999999999965e-06,8.443279255018975,-19.036361902786346
4.164999999999965e-06,8.607420270038357,-19.407091590813884
4.169999999999965e-06,8.763066800437592,-19.75868582113027
4.174999999999965e-06,8.910065241882648,-20.090807567126557
4.179999999999965e-06,9.048270524659285,-20.40313871490418
4.184999999999965e-06,9.177546256838976,-20.695380328267344
4.189999999999965e-06,9.297764858881674,-20.967252896682552
4.194999999999965e-06,9.408807689541554,-21.21849656564523
4.199999999999965e-06,9.51056516295079,-21.44887134989826
4.204999999999965e-06,9.602936856768828,-21.65815732926546
4.209999999999965e-06,9.685831611285778,-21.8461548274107
4.214999999999965e-06,9.759167619387,-22.012684573155973
4.219999999999965e-06,9.822872507286418,-22.15758784524158
4.224999999999965e-06,9.876883405951054,-22.280726599365753
4.229999999999965e-06,9.921147013144505,-22.381983578939835
4.234999999999965e-06,9.955619646030645,-22.461262408086657
4.239999999999964e-06,9.980267284282585,-22.51848766871023
4.244999999999964e-06,9.99506560365726,-22.553604959935637
4.249999999999964e-06,10.000000000000009,-22.566580940946434
4.254999999999964e-06,9.995065603657372,-22.557403357244766
4.259999999999964e-06,9.980267284282807,-22.52608104996401
4.264999999999964e-06,9.955619646030978,-22.472643948151294
4.269999999999964e-06,9.92114701314506,-22.397143044864286
4.274999999999964e-06,9.87688340595172,-22.299650355860123
4.279999999999964e-06,9.822872507287306,-22.18025886192221
4.284999999999964e-06,9.759167619387998,-22.03908243406294
4.289999999999964e-06,9.685831611286888,-21.87625574210039
4.294999999999964e-06,9.60293685677005,-21.691934146150004
4.299999999999964e-06,9.510565162952233,-21.486293571300273
4.304999999999964e-06,9.408807689542996,-21.25953036504513
4.309999999999964e-06,9.29776485888334,-21.011861138250154
4.314999999999964e-06,9.177546256840753,-20.743522588037354
4.319999999999964e-06,9.048270524661174,-20.454771304786124
4.324999999999964e-06,8.910065241884757,-20.14588356057001
4.329999999999964e-06,8.7630668004397,-19.817155081573222
4.334999999999964e-06,8.607420270040578,-19.46890080228203
4.339999999999964e-06,8.44327925502142,-19.101454602872494
4.344999999999963e-06,8.270805742746967,-18.715169029194012
4.349999999999963e-06,8.09016994375089,-18.310414994965775
4.354999999999963e-06,7.901550123758372,-17.887581467363024
4.359999999999963e-06,7.705132427759387,-17.447075134299883
4.364999999999963e-06,7.501110696306101,-16.989320055406097
4.369999999999963e-06,7.289686274215668,-16.514757294874173
4.374999999999963e-06,7.07106781186706,-16.023844537517483
4.379999999999963e-06,6.845471059288566,-15.517055687837566
4.384999999999963e-06,6.613118653238215,-14.994880451666415
4.389999999999963e-06,6.374239897488643,-14.457823901585233
4.394999999999963e-06,6.129070536531556,-13.90640602487958
4.399999999999963e-06,5.877852522926608,-13.341161256018363
4.404999999999963e-06,5.620833778523293,-12.762637991984406
4.409999999999963e-06,5.358267949791995,-12.171398092208019
4.414999999999963e-06,5.090414157505774,-11.568016362766386
4.419999999999963e-06,4.817536741019257,-10.953080025073003
4.424999999999963e-06,4.539904997397537,-10.327188169717449
4.429999999999963e-06,4.257792915652869,-9.690951195796549
4.434999999999963e-06,3.971478906349968,-9.044990236234952
4.439999999999963e-06,3.6812455268490085,-8.389936568834688
4.444999999999963e-06,3.387379202455132,-7.72643101531878
4.449999999999962e-06,3.090169943751664,-7.055123326411006
4.454999999999962e-06,2.789911060394612,-6.376671556023172
4.459999999999962e-06,2.4868988716507667,-5.691741423509478
4.464999999999962e-06,2.181432413967732,-5.001005664671654
4.469999999999962e-06,1.8738131458595486,-4.305143374013665
4.474999999999962e-06,1.5643446504046699,-3.6048393356331587
4.479999999999962e-06,1.2533323356453963,-2.9007833473728706
4.484999999999962e-06,0.9410831331875258,-2.193669535263565
4.489999999999962e-06,0.6279051952955417,-1.4841956623788954
4.494999999999962e-06,0.31410759078365214,-0.7730624295873012
4.499999999999962e-06,2.4424906541753444e-12,-0.06097277269234702
4.504999999999962e-06,-0.3141075907788782,0.6513688473190893
4.509999999999962e-06,-0.6279051952906567,1.3632571557739004
4.514999999999962e-06,-0.9410831331827518,2.073986780797843
4.519999999999962e-06,-1.2533323356406223,2.782852970337979
4.524999999999962e-06,-1.564344650400007,3.4891523116795664
4.529999999999962e-06,-1.8738131458548857,4.19218345021144
4.534999999999962e-06,-2.181432413963069,4.8912478089498945
4.539999999999962e-06,-2.486898871646215,5.585650305235057
4.544999999999962e-06,-2.789911060389949,6.274700066438488
4.549999999999962e-06,-3.090169943747223,6.957711141291956
4.554999999999961e-06,-3.38737920245058,7.634003207935169
4.559999999999961e-06,-3.6812455268444566,8.302902276487334
4.564999999999961e-06,-3.971478906345527,8.96374138607181
4.569999999999961e-06,-4.2577929156485395,9.615861294816508
4.574999999999961e-06,-4.539904997393318,10.258611162385577
4.579999999999961e-06,-4.817536741015038,10.891349224139812
4.584999999999961e-06,-5.090414157501555,11.513443456157123
4.589999999999961e-06,-5.358267949787887,12.12427222969026
4.594999999999961e-06,-5.620833778519296,12.72322495568945
4.599999999999961e-06,-5.877852522922722,13.309702716776673
4.604999999999961e-06,-6.129070536527781,13.883118887873636
4.609999999999961e-06,-6.374239897484979,14.442899742758364
4.614999999999961e-06,-6.613118653234662,14.98848504808481
4.619999999999961e-06,-6.845471059285124,15.519328641910302
4.624999999999961e-06,-7.071067811863729,16.03489899815258
4.629999999999961e-06,-7.289686274212448,16.534679774843685
4.634999999999961e-06,-7.501110696302993,17.018170346351557
4.639999999999961e-06,-7.705132427756278,17.484886319116043
4.644999999999961e-06,-7.901550123755374,17.93436002978921
4.649999999999961e-06,-8.090169943748005,18.366141025533132
4.654999999999961e-06,-8.27080574274419,18.779796526904203
4.65999999999996e-06,-8.443279255018755,19.174911870665
4.66499999999996e-06,-8.607420270038135,19.55109093503804
4.66999999999996e-06,-8.763066800437368,19.907956544133132
4.67499999999996e-06,-8.910065241882537,20.24515085372358
4.67999999999996e-06,-9.048270524659173,20.56233571556554
4.68499999999996e-06,-9.177546256838864,20.859193022701007
4.68999999999996e-06,-9.297764858881564,21.135425032391186
4.69499999999996e-06,-9.408807689541444,21.390754669458723
4.69999999999996e-06,-9.51056516295079,21.62492580719899
4.70499999999996e-06,-9.602936856768718,21.837703527451623
4.70999999999996e-06,-9.685831611285668,22.028874358501206
4.71499999999996e-06,-9.759167619386888,22.198246491640706
4.71999999999996e-06,-9.822872507286418,22.345649974933266
4.72499999999996e-06,-9.876883405950942,22.47093688523616
4.72999999999996e-06,-9.921147013144505,22.57398147797618
4.73499999999996e-06,-9.955619646030534,22.654680313957122
4.73999999999996e-06,-9.980267284282585,22.712952364152052
4.74499999999996e-06,-9.99506560365726,22.748739091614787
4.74999999999996e-06,-10.000000000000009,22.762004510743616
4.75499999999996e-06,-9.995065603657372,22.752735223869447
4.75999999999996e-06,-9.980267284282917,22.72094043512718
4.764999999999959e-06,-9.955619646031089,22.666651941496973
4.769999999999959e-06,-9.92114701314506,22.589924101068306
4.774999999999959e-06,-9.87688340595172,22.490833778862516
4.779999999999959e-06,-9.822872507287418,22.369480269468166
4.784999999999959e-06,-9.759167619387998,22.22598519751473
4.789999999999959e-06,-9.685831611287,22.06049239521757
4.794999999999959e-06,-9.60293685677016,21.873167757804566
4.799999999999959e-06,-9.510565162952345,21.66419907607031
4.804999999999959e-06,-9.408807689543108,21.433795847199065
4.809999999999959e-06,-9.29776485888345,21.18218906304026
4.814999999999959e-06,-9.177546256840863,20.909630976561957
4.819999999999959e-06,-9.048270524661284,20.616394846656448
4.824999999999959e-06,-8.910065241884869,20.30277466116448
4.829999999999959e-06,-8.763066800439923,19.969084838478146
4.834999999999959e-06,-8.607420270040688,19.615659908092887
4.839999999999959e-06,-8.44327925502153,19.242854170519518
4.844999999999959e-06,-8.27080574274708,18.85104133599269
4.849999999999959e-06,-8.090169943751002,18.440614143561127
4.854999999999959e-06,-7.901550123758483,18.01198395969783
4.859999999999959e-06,-7.705132427759609,17.56558035769251
4.864999999999959e-06,-7.501110696306323,17.10185067761161
4.869999999999958e-06,-7.28968627421589,16.62125956738114
4.874999999999958e-06,-7.071067811867393,16.12428850592995
4.879999999999958e-06,-6.845471059288788,15.611435307819278
4.884999999999958e-06,-6.613118653238548,15.083213611006286
4.889999999999958e-06,-6.374239897488976,14.540152347401026
4.894999999999958e-06,-6.129070536531889,13.982795197090002
4.899999999999958e-06,-5.87785252292683,13.411700027131213
4.904999999999958e-06,-5.620833778523515,12.82743831457811
4.909999999999958e-06,-5.358267949792217,12.230594555634354
4.914999999999958e-06,-5.090414157505996,11.62176566030415
4.919999999999958e-06,-4.817536741019479,11.001560334560235
4.924999999999958e-06,-4.539904997397759,10.370598448931512
4.929999999999958e-06,-4.257792915653091,9.729510396881746
4.934999999999958e-06,-3.971478906350301,9.078936440528818
4.939999999999958e-06,-3.6812455268492306,8.419526047402591
4.944999999999958e-06,-3.387379202455465,7.75193721688161
4.949999999999958e-06,-3.090169943751997,7.076835799009307
4.954999999999958e-06,-2.789911060394834,6.39489480408717
4.959999999999958e-06,-2.486898871651211,5.706793707037527
4.964999999999958e-06,-2.181432413968065,5.013217744244236
4.969999999999957e-06,-1.8738131458598817,4.314857206048739
4.974999999999957e-06,-1.564344650405003,3.6124067246772196
4.979999999999957e-06,-1.2533323356457293,2.9065645587086353
4.984999999999957e-06,-0.9410831331877478,2.1980318751674277
4.989999999999957e-06,-0.6279051952957637,1.487512029845206
4.994999999999957e-06,-0.3141075907839852,0.7757098470321244
4.999999999999957e-06,-2.6645352591003757e-12,0.06333089943022507
