x,VOUT
0.0,1.099999813348934
0.001,1.099999807406492
0.002,1.099999802274469
0.003,1.099999796994977
0.004,1.099999791563794
0.005,1.099999785976574
0.006,1.099999780228848
0.007,1.099999774316018
0.008,1.099999768233357
0.009000000000000001,1.099999761975999
0.01,1.099999755538942
0.011,1.099999748917042
0.012,1.099999742105003
0.013,1.099999735097384
0.01400000000000001,1.099999727888584
0.01500000000000001,1.099999720472843
0.01600000000000001,1.099999712844237
0.01700000000000001,1.099999704996674
0.01800000000000001,1.099999696923886
0.01900000000000001,1.099999688619426
0.02000000000000001,1.099999680076665
0.02100000000000001,1.099999671288782
0.02200000000000001,1.099999662248765
0.02300000000000001,1.099999652949397
0.02400000000000001,1.09999964338326
0.02500000000000002,1.09999963354272
0.02600000000000002,1.09999962341993
0.02700000000000002,1.099999613006813
0.02800000000000002,1.099999602295068
0.02900000000000002,1.099999591276154
0.03000000000000002,1.099999579941285
0.03100000000000002,1.099999568281428
0.03200000000000002,1.099999556287291
0.03300000000000002,1.099999543949316
0.03400000000000002,1.099999531257674
0.03500000000000002,1.099999518202256
0.03600000000000003,1.099999504772665
0.03700000000000003,1.099999490958207
0.03800000000000003,1.099999476747884
0.03900000000000003,1.099999462130385
0.04000000000000003,1.099999447094077
0.04100000000000003,1.099999431626996
0.04200000000000003,1.099999415716837
0.04300000000000003,1.099999399350944
0.04400000000000003,1.099999382516304
0.04500000000000003,1.09999936519953
0.04600000000000003,1.099999347386858
0.04700000000000003,1.099999329064129
0.04800000000000004,1.099999310216785
0.04900000000000004,1.099999290829852
0.05000000000000004,1.09999927088793
0.05100000000000004,1.099999250375184
0.05200000000000004,1.099999229275326
0.05300000000000004,1.099999207571609
0.05400000000000004,1.099999185246806
0.05500000000000004,1.099999162283205
0.05600000000000004,1.09999913866259
0.05700000000000004,1.099999114366227
0.05800000000000004,1.099999089374852
0.05900000000000005,1.099999063668653
0.06000000000000005,1.099999037227257
0.06100000000000005,1.099999010029715
0.06200000000000005,1.09999898205448
0.06300000000000004,1.099998953279399
0.06400000000000004,1.099998923681689
0.06500000000000004,1.099998893237922
0.06600000000000004,1.099998861924006
0.06700000000000005,1.099998829715168
0.06800000000000005,1.099998796585934
0.06900000000000005,1.099998762510107
0.07000000000000005,1.099998727460752
0.07100000000000005,1.09999869141017
0.07200000000000005,1.09999865432988
0.07300000000000005,1.099998616190595
0.07400000000000005,1.099998576962201
0.07500000000000005,1.099998536613733
0.07600000000000005,1.099998495113353
0.07700000000000005,1.099998452428323
0.07800000000000006,1.099998408524979
0.07900000000000006,1.09999836336871
0.08000000000000006,1.099998316923928
0.08100000000000006,1.099998269154042
0.08200000000000006,1.099998220021426
0.08300000000000006,1.0999981694874
0.08400000000000006,1.099998117512188
0.08500000000000006,1.099998064054897
0.08600000000000006,1.099998009073484
0.08700000000000006,1.09999795252472
0.08800000000000006,1.099997894364162
0.08900000000000007,1.099997834546115
0.09000000000000007,1.099997773023602
0.09100000000000007,1.099997709748324
0.09200000000000007,1.099997644670627
0.09300000000000007,1.09999757773946
0.09400000000000007,1.099997508902341
0.09500000000000007,1.099997438105317
0.09600000000000007,1.099997365292917
0.09700000000000007,1.09999729040812
0.09800000000000007,1.099997213392304
0.09900000000000007,1.099997134185206
0.1000000000000001,1.099997052724875
0.1010000000000001,1.099996968947627
0.1020000000000001,1.099996882787995
0.1030000000000001,1.099996794178684
0.1040000000000001,1.099996703050515
0.1050000000000001,1.099996609332381
0.1060000000000001,1.099996512951257
0.1070000000000001,1.099996413832048
0.1080000000000001,1.09999631189753
0.1090000000000001,1.099996207068329
0.1100000000000001,1.099996099262856
0.1110000000000001,1.099995988397254
0.1120000000000001,1.099995874385327
0.1130000000000001,1.099995757138484
0.1140000000000001,1.09999563656567
0.1150000000000001,1.099995512573298
0.1160000000000001,1.099995385065184
0.1170000000000001,1.099995253942473
0.1180000000000001,1.099995119103565
0.1190000000000001,1.099994980444046
0.1200000000000001,1.099994837856608
0.1210000000000001,1.099994691230969
0.1220000000000001,1.099994540453797
0.1230000000000001,1.099994385408625
0.1240000000000001,1.099994225975765
0.1250000000000001,1.099994062032224
0.1260000000000001,1.099993893451612
0.1270000000000001,1.099993720104055
0.1280000000000001,1.099993541856095
0.1290000000000001,1.0999933585706
0.1300000000000001,1.09999317010666
0.1310000000000001,1.099992976319491
0.1320000000000001,1.099992777060326
0.1330000000000001,1.099992572176313
0.1340000000000001,1.099992361510403
0.1350000000000001,1.099992144901239
0.1360000000000001,1.099991922183043
0.1370000000000001,1.099991693185494
0.1380000000000001,1.099991457733613
0.1390000000000001,1.099991215647634
0.1400000000000001,1.099990966742881
0.1410000000000001,1.099990710829635
0.1420000000000001,1.099990447713006
0.1430000000000001,1.099990177192788
0.1440000000000001,1.099989899063329
0.1450000000000001,1.099989613113378
0.1460000000000001,1.099989319125946
0.1470000000000001,1.099989016878151
0.1480000000000001,1.099988706141063
0.1490000000000001,1.09998838667955
0.1500000000000001,1.099988058252113
0.1510000000000001,1.09998772061072
0.1520000000000001,1.099987373500637
0.1530000000000001,1.099987016660254
0.1540000000000001,1.099986649820906
0.1550000000000001,1.099986272706692
0.1560000000000001,1.099985885034284
0.1570000000000001,1.09998548651274
0.1580000000000001,1.099985076843307
0.1590000000000001,1.099984655719219
0.1600000000000001,1.099984222825489
0.1610000000000001,1.099983777838706
0.1620000000000001,1.099983320426812
0.1630000000000001,1.099982850248887
0.1640000000000001,1.099982366954919
0.1650000000000001,1.099981870185578
0.1660000000000001,1.099981359571976
0.1670000000000001,1.099980834735426
0.1680000000000001,1.099980295287197
0.1690000000000001,1.099979740828259
0.1700000000000001,1.099979170949026
0.1710000000000001,1.099978585229089
0.1720000000000001,1.099977983236949
0.1730000000000001,1.099977364529736
0.1740000000000001,1.099976728652931
0.1750000000000001,1.099976075140074
0.1760000000000001,1.099975403512469
0.1770000000000001,1.099974713278881
0.1780000000000001,1.09997400393523
0.1790000000000001,1.099973274964272
0.1800000000000001,1.099972525835279
0.1810000000000001,1.099971756003711
0.1820000000000001,1.099970964910875
0.1830000000000001,1.099970151983585
0.1840000000000001,1.099969316633811
0.1850000000000001,1.099968458258319
0.1860000000000001,1.099967576238304
0.1870000000000001,1.099966669939022
0.1880000000000001,1.099965738709402
0.1890000000000001,1.099964781881661
0.1900000000000001,1.099963798770903
0.1910000000000001,1.099962788674721
0.1920000000000001,1.099961750872773
0.1930000000000001,1.099960684626369
0.1940000000000001,1.099959589178038
0.1950000000000001,1.099958463751087
0.1960000000000001,1.099957307549155
0.1970000000000001,1.09995611975576
0.1980000000000001,1.099954899533828
0.1990000000000001,1.099953646025226
0.2000000000000001,1.099952358350272
0.2010000000000002,1.09995103560725
0.2020000000000002,1.099949676871902
0.2030000000000002,1.099948281196925
0.2040000000000002,1.099946847611443
0.2050000000000002,1.099945375120484
0.2060000000000002,1.09994386270444
0.2070000000000002,1.099942309318515
0.2080000000000002,1.099940713892172
0.2090000000000002,1.099939075328561
0.2100000000000002,1.099937392503944
0.2110000000000002,1.099935664267106
0.2120000000000002,1.099933889438759
0.2130000000000002,1.099932066810933
0.2140000000000002,1.099930195146361
0.2150000000000002,1.099928273177849
0.2160000000000002,1.099926299607641
0.2170000000000002,1.099924273106769
0.2180000000000002,1.099922192314398
0.2190000000000002,1.099920055837158
0.2200000000000002,1.099917862248463
0.2210000000000002,1.09991561008783
0.2220000000000002,1.099913297860173
0.2230000000000002,1.099910924035101
0.2240000000000002,1.099908487046197
0.2250000000000002,1.099905985290293
0.2260000000000002,1.099903417126729
0.2270000000000002,1.099900780876605
0.2280000000000002,1.09989807482203
0.2290000000000002,1.099895297205344
0.2300000000000002,1.099892446228353
0.2310000000000002,1.099889520051532
0.2320000000000002,1.099886516793238
0.2330000000000002,1.099883434528899
0.2340000000000002,1.099880271290202
0.2350000000000002,1.099877025064274
0.2360000000000002,1.09987369379284
0.2370000000000002,1.099870275371394
0.2380000000000002,1.099866767648344
0.2390000000000002,1.099863168424153
0.2400000000000002,1.09985947545048
0.2410000000000002,1.099855686429301
0.2420000000000002,1.099851799012035
0.2430000000000002,1.09984781079865
0.2440000000000002,1.099843719336772
0.2450000000000002,1.099839522120783
0.2460000000000002,1.099835216590915
0.2470000000000002,1.099830800132332
0.2480000000000002,1.099826270074219
0.2490000000000002,1.099821623688848
0.2500000000000002,1.099816858190655
0.2510000000000002,1.099811970735307
0.2520000000000002,1.099806958418761
0.2530000000000002,1.099801818276323
0.2540000000000002,1.099796547281706
0.2550000000000002,1.099791142346083
0.2560000000000002,1.099785600317136
0.2570000000000002,1.099779917978108
0.2580000000000002,1.099774092046851
0.2590000000000002,1.099768119174871
0.2600000000000002,1.099761995946382
0.2610000000000002,1.099755718877354
0.2620000000000002,1.099749284414558
0.2630000000000002,1.099742688934627
0.2640000000000002,1.099735928743107
0.2650000000000002,1.099729000073518
0.2660000000000002,1.099721899086417
0.2670000000000002,1.099714621868467
0.2680000000000002,1.099707164431514
0.2690000000000002,1.099699522711661
0.2700000000000002,1.099691692568366
0.2710000000000002,1.099683669783535
0.2720000000000002,1.099675450060625
0.2730000000000002,1.099667029023768
0.2740000000000002,1.099658402216891
0.2750000000000002,1.09964956510286
0.2760000000000002,1.099640513062634
0.2770000000000002,1.099631241394427
0.2780000000000002,1.099621745312892
0.2790000000000002,1.09961201994832
0.2800000000000002,1.099602060345853
0.2810000000000002,1.099591861464719
0.2820000000000002,1.099581418177481
0.2830000000000002,1.099570725269315
0.2840000000000002,1.099559777437299
0.2850000000000002,1.099548569289734
0.2860000000000002,1.099537095345486
0.2870000000000002,1.099525350033349
0.2880000000000002,1.099513327691439
0.2890000000000002,1.099501022566619
0.2900000000000002,1.099488428813943
0.2910000000000002,1.099475540496136
0.2920000000000002,1.099462351583111
0.2930000000000002,1.099448855951506
0.2940000000000002,1.099435047384267
0.2950000000000002,1.09942091957026
0.2960000000000002,1.099406466103922
0.2970000000000002,1.099391680484946
0.2980000000000002,1.099376556118016
0.2990000000000002,1.099361086312569
0.3000000000000002,1.09934526428261
0.3010000000000002,1.099329083146565
0.3020000000000002,1.09931253592718
0.3030000000000002,1.099295615551467
0.3040000000000002,1.099278314850699
0.3050000000000002,1.099260626560448
0.3060000000000002,1.099242543320679
0.3070000000000002,1.099224057675893
0.3080000000000002,1.099205162075327
0.3090000000000002,1.099185848873197
0.3100000000000002,1.099166110329012
0.3110000000000002,1.099145938607928
0.3120000000000002,1.099125325781173
0.3130000000000002,1.099104263826525
0.3140000000000002,1.099082744628849
0.3150000000000002,1.099060759980695
0.3160000000000002,1.099038301582964
0.3170000000000002,1.099015361045626
0.3180000000000002,1.098991929888516
0.3190000000000002,1.098967999542179
0.3200000000000002,1.098943561348797
0.3210000000000002,1.098918606563166
0.3220000000000002,1.098893126353754
0.3230000000000002,1.098867111803819
0.3240000000000002,1.098840553912596
0.3250000000000002,1.098813443596557
0.3260000000000002,1.098785771690731
0.3270000000000002,1.098757528950105
0.3280000000000002,1.098728706051086
0.3290000000000002,1.098699293593033
0.3300000000000002,1.098669282099867
0.3310000000000002,1.098638662021738
0.3320000000000002,1.09860742373677
0.3330000000000002,1.098575557552874
0.3340000000000002,1.098543053709627
0.3350000000000002,1.098509902380219
0.3360000000000002,1.098476093673469
0.3370000000000002,1.09844161763591
0.3380000000000002,1.098406464253932
0.3390000000000002,1.098370623455995
0.3400000000000002,1.098334085114907
0.3410000000000002,1.098296839050157
0.3420000000000002,1.098258875030317
0.3430000000000002,1.098220182775495
0.3440000000000003,1.098180751959852
0.3450000000000003,1.098140572214169
0.3460000000000003,1.098099633128469
0.3470000000000003,1.098057924254694
0.3480000000000003,1.098015435109424
0.3490000000000003,1.097972155176649
0.3500000000000003,1.097928073910581
0.3510000000000003,1.097883180738506
0.3520000000000003,1.097837465063681
0.3530000000000003,1.09779091626826
0.3540000000000003,1.097743523716256
0.3550000000000003,1.097695276756531
0.3560000000000003,1.097646164725813
0.3570000000000003,1.097596176951734
0.3580000000000003,1.097545302755892
0.3590000000000003,1.097493531456921
0.3600000000000003,1.097440852373583
0.3610000000000003,1.097387254827857
0.3620000000000003,1.097332728148044
0.3630000000000003,1.097277261671865
0.3640000000000003,1.097220844749559
0.3650000000000003,1.097163466746972
0.3660000000000003,1.097105117048639
0.3670000000000003,1.097045785060848
0.3680000000000003,1.096985460214683
0.3690000000000003,1.096924131969047
0.3700000000000003,1.096861789813661
0.3710000000000003,1.096798423272022
0.3720000000000003,1.096734021904338
0.3730000000000003,1.096668575310417
0.3740000000000003,1.096602073132509
0.3750000000000003,1.096534505058117
0.3760000000000003,1.096465860822737
0.3770000000000003,1.096396130212563
0.3780000000000003,1.096325303067118
0.3790000000000003,1.096253369281839
0.3800000000000003,1.096180318810587
0.3810000000000003,1.096106141668088
0.3820000000000003,1.096030827932317
0.3830000000000003,1.095954367746789
0.3840000000000003,1.09587675132279
0.3850000000000003,1.095797968941521
0.3860000000000003,1.095718010956156
0.3870000000000003,1.095636867793824
0.3880000000000003,1.095554529957506
0.3890000000000003,1.09547098802783
0.3900000000000003,1.095386232664793
0.3910000000000003,1.09530025460938
0.3920000000000003,1.095213044685092
0.3930000000000003,1.095124593799385
0.3940000000000003,1.095034892945007
0.3950000000000003,1.094943933201244
0.3960000000000003,1.094851705735067
0.3970000000000003,1.09475820180218
0.3980000000000003,1.094663412747976
0.3990000000000003,1.094567330008394
0.4000000000000003,1.094469945110676
0.4010000000000003,1.094371249674034
0.4020000000000003,1.094271235410213
0.4030000000000003,1.094169894123969
0.4040000000000003,1.094067217713444
0.4050000000000003,1.093963198170457
0.4060000000000003,1.093857827580698
0.4070000000000003,1.093751098123832
0.4080000000000003,1.093643002073524
0.4090000000000003,1.093533531797368
0.4100000000000003,1.093422679756736
0.4110000000000003,1.093310438506552
0.4120000000000003,1.093196800694976
0.4130000000000003,1.093081759063021
0.4140000000000003,1.092965306444093
0.4150000000000003,1.092847435763458
0.4160000000000003,1.092728140037645
0.4170000000000003,1.092607412373781
0.4180000000000003,1.092485245968869
0.4190000000000003,1.092361634108996
0.4200000000000003,1.092236570168503
0.4210000000000003,1.092110047609085
0.4220000000000003,1.091982059978854
0.4230000000000003,1.091852600911353
0.4240000000000003,1.091721664124527
0.4250000000000003,1.091589243419656
0.4260000000000003,1.091455332680253
0.4270000000000003,1.091319925870929
0.4280000000000003,1.091183017036236
0.4290000000000003,1.091044600299473
0.4300000000000003,1.090904669861485
0.4310000000000003,1.090763219999431
0.4320000000000003,1.090620245065545
0.4330000000000003,1.090475739485887
0.4340000000000003,1.090329697759077
0.4350000000000003,1.090182114455032
0.4360000000000003,1.090032984213702
0.4370000000000003,1.089882301743796
0.4380000000000003,1.089730061821529
0.4390000000000003,1.089576259289359
0.4400000000000003,1.089420889054748
0.4410000000000003,1.089263946088926
0.4420000000000003,1.089105425425672
0.4430000000000003,1.08894532216012
0.4440000000000003,1.088783631447571
0.4450000000000003,1.088620348502343
0.4460000000000003,1.088455468596633
0.4470000000000003,1.088288987059411
0.4480000000000003,1.088120899275342
0.4490000000000003,1.087951200683741
0.4500000000000003,1.087779886777553
0.4510000000000003,1.087606953102374
0.4520000000000003,1.087432395255502
0.4530000000000003,1.087256208885029
0.4540000000000003,1.087078389688968
0.4550000000000003,1.086898933414417
0.4560000000000003,1.08671783585677
0.4570000000000004,1.086535092858959
0.4580000000000004,1.08635070031075
0.4590000000000004,1.086164654148067
0.4600000000000004,1.085976950352373
0.4610000000000004,1.085787584950086
0.4620000000000004,1.085596554012039
0.4630000000000004,1.08540385365299
0.4640000000000004,1.08520948003117
0.4650000000000004,1.085013429347878
0.4660000000000004,1.084815697847123
0.4670000000000004,1.084616281815305
0.4680000000000004,1.084415177580943
0.4690000000000004,1.08421238151445
0.4700000000000004,1.084007890027944
0.4710000000000004,1.08380169957511
0.4720000000000004,1.083593806651099
0.4730000000000004,1.083384207792471
0.4740000000000004,1.083172899577179
0.4750000000000004,1.082959878624598
0.4760000000000004,1.082745141595584
0.4770000000000004,1.082528685192581
0.4780000000000004,1.082310506159764
0.4790000000000004,1.082090601283219
0.4800000000000004,1.081868967391153
0.4810000000000004,1.081645601354155
0.4820000000000004,1.081420500085473
0.4830000000000004,1.081193660541336
0.4840000000000004,1.080965079721306
0.4850000000000004,1.080734754668654
0.4860000000000004,1.08050268247078
0.4870000000000004,1.080268860259645
0.4880000000000004,1.080033285212242
0.4890000000000004,1.079795954551087
0.4900000000000004,1.07955686554474
0.4910000000000004,1.079316015508344
0.4920000000000004,1.079073401804189
0.4930000000000004,1.078829021842296
0.4940000000000004,1.078582873081025
0.4950000000000004,1.078334953027692
0.4960000000000004,1.078085259239217
0.4970000000000004,1.077833789322769
0.4980000000000004,1.077580540936447
0.4990000000000004,1.077325511789954
0.5000000000000003,1.0770686996453
0.5010000000000003,1.076810102317505
0.5020000000000003,1.07654971767531
0.5030000000000003,1.076287543641911
0.5040000000000003,1.07602357819568
0.5050000000000003,1.075757819370906
0.5060000000000003,1.075490265258535
0.5070000000000003,1.075220914006916
0.5080000000000003,1.074949763822542
0.5090000000000003,1.074676812970808
0.5100000000000003,1.074402059776748
0.5110000000000003,1.074125502625788
0.5120000000000003,1.073847139964488
0.5130000000000003,1.073566970301284
0.5140000000000003,1.073284992207225
0.5150000000000003,1.073001204316705
0.5160000000000003,1.072715605328188
0.5170000000000003,1.072428194004926
0.5180000000000003,1.072138969175669
0.5190000000000003,1.07184792973537
0.5200000000000004,1.071555074645872
0.5210000000000004,1.071260402936591
0.5220000000000004,1.070963913705187
0.5230000000000004,1.070665606118219
0.5240000000000004,1.07036547941179
0.5250000000000004,1.07006353289218
0.5260000000000004,1.069759765936459
0.5270000000000004,1.069454177993092
0.5280000000000004,1.069146768582521
0.5290000000000004,1.068837537297741
0.5300000000000004,1.068526483804843
0.5310000000000004,1.068213607843561
0.5320000000000004,1.06789890922778
0.5330000000000004,1.067582387846041
0.5340000000000004,1.06726404366202
0.5350000000000004,1.066943876714989
0.5360000000000004,1.06662188712026
0.5370000000000004,1.066298075069601
0.5380000000000004,1.065972440831646
0.5390000000000004,1.065644984752268
0.5400000000000004,1.065315707254944
0.5410000000000004,1.064984608841091
0.5420000000000004,1.064651690090382
0.5430000000000004,1.064316951661047
0.5440000000000004,1.06398039429014
0.5450000000000004,1.063642018793795
0.5460000000000004,1.063301826067454
0.5470000000000004,1.06295981708607
0.5480000000000004,1.062615992904301
0.5490000000000004,1.062270354656663
0.5500000000000004,1.061922903557672
0.5510000000000004,1.061573640901964
0.5520000000000004,1.061222568064387
0.5530000000000004,1.060869686500071
0.5540000000000004,1.060514997744478
0.5550000000000004,1.060158503413431
0.5560000000000004,1.059800205203115
0.5570000000000004,1.059440104890059
0.5580000000000004,1.059078204331096
0.5590000000000004,1.058714505463299
0.5600000000000004,1.058349010303897
0.5610000000000004,1.057981720950167
0.5620000000000004,1.057612639579302
0.5630000000000004,1.057241768448269
0.5640000000000004,1.056869109893628
0.5650000000000004,1.056494666331341
0.5660000000000004,1.056118440256561
0.5670000000000004,1.055740434243394
0.5680000000000004,1.055360650944644
0.5690000000000004,1.054979093091537
0.5700000000000004,1.054595763493422
0.5710000000000004,1.054210665037462
0.5720000000000004,1.053823800688289
0.5730000000000004,1.053435173487657
0.5740000000000004,1.053044786554068
0.5750000000000004,1.052652643082372
0.5760000000000004,1.052258746343365
0.5770000000000004,1.051863099683356
0.5780000000000004,1.051465706523722
0.5790000000000004,1.051066570360444
0.5800000000000004,1.050665694763625
0.5810000000000004,1.050263083376996
0.5820000000000004,1.049858739917399
0.5830000000000004,1.049452668174257
0.5840000000000004,1.049044872009034
0.5850000000000004,1.048635355354669
0.5860000000000004,1.048224122215004
0.5870000000000004,1.047811176664192
0.5880000000000004,1.047396522846098
0.5890000000000004,1.046980164973671
0.5900000000000004,1.046562107328329
0.5910000000000004,1.046142354259301
0.5920000000000004,1.045720910182977
0.5930000000000004,1.045297779582239
0.5940000000000004,1.044872967005781
0.5950000000000004,1.044446477067416
0.5960000000000004,1.044018314445375
0.5970000000000004,1.04358848388159
0.5980000000000004,1.043156990180975
0.5990000000000004,1.042723838210691
0.6000000000000004,1.042289032899403
0.6010000000000004,1.041852579236524
0.6020000000000004,1.041414482271462
0.6030000000000004,1.040974747112846
0.6040000000000004,1.040533378927749
0.6050000000000004,1.040090382940905
0.6060000000000004,1.039645764433918
0.6070000000000004,1.03919952874446
0.6080000000000004,1.038751681265472
0.6090000000000004,1.038302227444346
0.6100000000000004,1.037851172782115
0.6110000000000004,1.037398522832626
0.6120000000000004,1.036944283201715
0.6130000000000004,1.036488459546376
0.6140000000000004,1.036031057573924
0.6150000000000004,1.035572083041155
0.6160000000000004,1.035111541753505
0.6170000000000004,1.0346494395642
0.6180000000000004,1.034185782373408
0.6190000000000004,1.033720576127389
0.6200000000000004,1.033253826817635
0.6210000000000004,1.032785540480021
0.6220000000000004,1.03231572319394
0.6230000000000004,1.03184438108145
0.6240000000000004,1.031371520306409
0.6250000000000004,1.030897147073616
0.6260000000000004,1.030421267627952
0.6270000000000004,1.029943888253512
0.6280000000000004,1.029465015272752
0.6290000000000004,1.028984655045623
0.6300000000000004,1.028502813968712
0.6310000000000004,1.028019498474382
0.6320000000000005,1.027534715029918
0.6330000000000005,1.027048470136667
0.6340000000000005,1.026560770329185
0.6350000000000005,1.026071622174384
0.6360000000000005,1.025581032270682
0.6370000000000005,1.025089007247157
0.6380000000000005,1.0245955537627
0.6390000000000005,1.024100678505174
0.6400000000000005,1.023604388190576
0.6410000000000005,1.023106689562199
0.6420000000000005,1.022607589389806
0.6430000000000005,1.022107094468794
0.6440000000000005,1.021605211619379
0.6450000000000005,1.021101947685768
0.6460000000000005,1.020597309535351
0.6470000000000005,1.020091304057886
0.6480000000000005,1.019583938164695
0.6490000000000005,1.019075218787862
0.6500000000000005,1.018565152879437
0.6510000000000005,1.018053747410646
0.6520000000000005,1.017541009371108
0.6530000000000005,1.017026945768052
0.6540000000000005,1.016511563625543
0.6550000000000005,1.015994869983717
0.6560000000000005,1.015476871898017
0.6570000000000005,1.014957576438437
0.6580000000000005,1.014436990688772
0.6590000000000005,1.013915121745876
0.6600000000000005,1.013391976718925
0.6610000000000005,1.012867562728683
0.6620000000000005,1.012341886906784
0.6630000000000005,1.01181495639501
0.6640000000000005,1.011286778344585
0.6650000000000005,1.01075735991547
0.6660000000000005,1.010226708275666
0.6670000000000005,1.009694830600527
0.6680000000000005,1.009161734072077
0.6690000000000005,1.008627425878338
0.6700000000000005,1.008091913212658
0.6710000000000005,1.007555203273056
0.6720000000000005,1.007017303261568
0.6730000000000005,1.006478220383604
0.6740000000000005,1.005937961847306
0.6750000000000005,1.005396534862925
0.6760000000000005,1.004853946642195
0.6770000000000005,1.004310204397719
0.6780000000000005,1.003765315342365
0.6790000000000005,1.003219286688665
0.6800000000000005,1.002672125648226
0.6810000000000005,1.002123839431146
0.6820000000000005,1.001574435245439
0.6830000000000005,1.001023920296466
0.6840000000000005,1.00047230178638
0.6850000000000005,0.9999195869135707
0.6860000000000005,0.9993657828721233
0.6870000000000005,0.9988108968512794
0.6880000000000005,0.9982549360349138
0.6890000000000005,0.9976979076010107
0.6900000000000005,0.9971398187211546
0.6910000000000005,0.9965806765600239
0.6920000000000005,0.996020488274897
0.6930000000000005,0.9954592610151616
0.6940000000000005,0.9948970019218363
0.6950000000000005,0.9943337181270978
0.6960000000000005,0.9937694167538148
0.6970000000000005,0.993204104915093
0.6980000000000005,0.992637789713824
0.6990000000000005,0.9920704782422446
0.7000000000000005,0.9915021775815059
0.7010000000000005,0.9909328948012416
0.7020000000000005,0.990362636959156
0.7030000000000005,0.9897914111006091
0.7040000000000005,0.9892192242582158
0.7050000000000005,0.9886460834514479
0.7060000000000005,0.9880719956862516
0.7070000000000005,0.9874969679546594
0.7080000000000005,0.9869210072344247
0.7090000000000005,0.9863441204886516
0.7100000000000005,0.9857663146654358
0.7110000000000005,0.9851875966975202
0.7120000000000005,0.9846079735019428
0.7130000000000005,0.984027451979708
0.7140000000000005,0.9834460390154502
0.7150000000000005,0.9828637414771179
0.7160000000000005,0.982280566215654
0.7170000000000005,0.9816965200646914
0.7180000000000005,0.9811116098402485
0.7190000000000005,0.980525842340438
0.7200000000000005,0.9799392243451767
0.7210000000000005,0.9793517626159067
0.7220000000000005,0.9787634638953219
0.7230000000000005,0.9781743349070977
0.7240000000000005,0.9775843823556336
0.7250000000000005,0.976993612925799
0.7260000000000005,0.9764020332826808
0.7270000000000005,0.975809650071349
0.7280000000000005,0.975216469916618
0.7290000000000005,0.9746224994228155
0.7300000000000005,0.9740277451735669
0.7310000000000005,0.9734322137315724
0.7320000000000005,0.9728359116383994
0.7330000000000005,0.9722388454142794
0.7340000000000005,0.9716410215579085
0.7350000000000005,0.9710424465462544
0.7360000000000005,0.9704431268343714
0.7370000000000005,0.9698430688552175
0.7380000000000005,0.9692422790194828
0.7390000000000005,0.9686407637154159
0.7400000000000005,0.9680385293086636
0.7410000000000005,0.9674355821421093
0.7420000000000005,0.9668319285357215
0.7430000000000005,0.9662275747864059
0.7440000000000005,0.9656225271678651
0.7450000000000006,0.9650167919304565
0.7460000000000006,0.9644103753010641
0.7470000000000006,0.9638032834829706
0.7480000000000006,0.9631955226557349
0.7490000000000006,0.962587098975076
0.7500000000000006,0.9619780185727581
0.7510000000000006,0.9613682875564884
0.7520000000000006,0.9607579120098081
0.7530000000000006,0.9601468979919985
0.7540000000000006,0.9595352515379881
0.7550000000000006,0.9589229786582592
0.7560000000000006,0.9583100853387694
0.7570000000000006,0.9576965775408668
0.7580000000000006,0.9570824612012172
0.7590000000000006,0.956467742231731
0.7600000000000006,0.9558524265194965
0.7610000000000006,0.9552365199267183
0.7620000000000006,0.9546200282906546
0.7630000000000006,0.954002957423566
0.7640000000000006,0.9533853131126633
0.7650000000000006,0.9527671011200589
0.7660000000000006,0.9521483271827254
0.7670000000000006,0.951528997012455
0.7680000000000006,0.9509091162958218
0.7690000000000006,0.9502886906941549
0.7700000000000006,0.9496677258435018
0.7710000000000006,0.9490462273546113
0.7720000000000006,0.9484242008129059
0.7730000000000006,0.9478016517784658
0.7740000000000006,0.9471785857860122
0.7750000000000006,0.9465550083448997
0.7760000000000006,0.9459309249391012
0.7770000000000006,0.9453063410272083
0.7780000000000006,0.9446812620424248
0.7790000000000006,0.944055693392571
0.7800000000000006,0.9434296404600842
0.7810000000000006,0.9428031086020257
0.7820000000000006,0.9421761031500924
0.7830000000000006,0.9415486294106279
0.7840000000000006,0.9409206926646349
0.7850000000000006,0.9402922981677976
0.7860000000000006,0.9396634511504987
0.7870000000000006,0.939034156817842
0.7880000000000006,0.938404420349681
0.7890000000000006,0.9377742469006444
0.7900000000000006,0.9371436416001653
0.7910000000000006,0.9365126095525179
0.7920000000000006,0.9358811558368492
0.7930000000000006,0.9352492855072169
0.7940000000000006,0.9346170035926321
0.7950000000000006,0.933984315097096
0.7960000000000006,0.9333512249996471
0.7970000000000006,0.9327177382544081
0.7980000000000006,0.9320838597906315
0.7990000000000006,0.9314495945127514
0.8000000000000006,0.9308149473004331
0.8010000000000006,0.9301799230086327
0.8020000000000006,0.9295445264676455
0.8030000000000006,0.9289087624831688
0.8040000000000006,0.9282726358363605
0.8050000000000006,0.9276361512838978
0.8060000000000006,0.9269993135580442
0.8070000000000006,0.92636212736671
0.8080000000000006,0.9257245973935216
0.8090000000000006,0.9250867282978856
0.8100000000000006,0.9244485247150627
0.8110000000000006,0.9238099912562345
0.8120000000000006,0.9231711325085772
0.8130000000000006,0.9225319530353352
0.8140000000000006,0.9218924573758961
0.8150000000000006,0.9212526500458669
0.8160000000000006,0.920612535537151
0.8170000000000006,0.9199721183180288
0.8180000000000006,0.9193314028332351
0.8190000000000006,0.9186903935040435
0.8200000000000006,0.9180490947283466
0.8210000000000006,0.9174075108807399
0.8220000000000006,0.9167656463126076
0.8230000000000006,0.9161235053522063
0.8240000000000006,0.9154810923047559
0.8250000000000006,0.9148384114525218
0.8260000000000006,0.914195467054907
0.8270000000000006,0.9135522633485424
0.8280000000000006,0.9129088045473751
0.8290000000000006,0.9122650948427614
0.8300000000000006,0.9116211384035577
0.8310000000000006,0.9109769393762158
0.8320000000000006,0.9103325018848746
0.8330000000000006,0.909687830031455
0.8340000000000006,0.9090429278957574
0.8350000000000006,0.9083977995355564
0.8360000000000006,0.9077524489866953
0.8370000000000006,0.907106880263188
0.8380000000000006,0.9064610973573138
0.8390000000000006,0.9058151042397165
0.8400000000000006,0.905168904859505
0.8410000000000006,0.9045225031443512
0.8420000000000006,0.9038759030005921
0.8430000000000006,0.9032291083133294
0.8440000000000006,0.902582122946531
0.8450000000000006,0.9019349507431327
0.8460000000000006,0.9012875955251411
0.8470000000000006,0.9006400610937346
0.8480000000000006,0.8999923512293695
0.8490000000000006,0.8993444696918788
0.8500000000000006,0.8986964202205786
0.8510000000000006,0.8980482065343751
0.8520000000000006,0.8973998323318617
0.8530000000000006,0.8967513012914297
0.8540000000000006,0.8961026170713707
0.8550000000000006,0.8954537833099823
0.8560000000000006,0.894804803625674
0.8570000000000007,0.894155681617072
0.8580000000000007,0.8935064208631246
0.8590000000000007,0.8928570249232094
0.8600000000000007,0.8922074973372393
0.8610000000000007,0.8915578416257687
0.8620000000000007,0.8909080612900981
0.8630000000000007,0.890258159812385
0.8640000000000007,0.889608140655745
0.8650000000000007,0.8889580072643637
0.8660000000000007,0.8883077630635997
0.8670000000000007,0.8876574114600945
0.8680000000000007,0.8870069558418765
0.8690000000000007,0.886356399578471
0.8700000000000007,0.885705746021004
0.8710000000000007,0.885054998502313
0.8720000000000007,0.8844041603370492
0.8730000000000007,0.8837532348217887
0.8740000000000007,0.8831022252351383
0.8750000000000007,0.8824511348378395
0.8760000000000007,0.8817999668728791
0.8770000000000007,0.8811487245655957
0.8780000000000007,0.880497411123782
0.8790000000000007,0.8798460297377981
0.8800000000000007,0.879194583580671
0.8810000000000007,0.8785430758082067
0.8820000000000007,0.8778915095590917
0.8830000000000007,0.8772398879550035
0.8840000000000007,0.8765882141007141
0.8850000000000007,0.875936491084194
0.8860000000000007,0.8752847219767234
0.8870000000000007,0.8746329098329897
0.8880000000000007,0.8739810576912015
0.8890000000000007,0.8733291685731867
0.8900000000000007,0.8726772454845008
0.8910000000000007,0.8720252914145316
0.8920000000000007,0.8713733093366015
0.8930000000000007,0.8707213022080735
0.8940000000000007,0.8700692729704559
0.8950000000000007,0.8694172245495037
0.8960000000000007,0.8687651598553247
0.8970000000000007,0.8681130817824799
0.8980000000000007,0.8674609932100893
0.8990000000000007,0.866808897001934
0.9000000000000007,0.8661567960065555
0.9010000000000007,0.8655046930573637
0.9020000000000007,0.8648525909727344
0.9030000000000007,0.8642004925561118
0.9040000000000007,0.8635484005961108
0.9050000000000007,0.8628963178666189
0.9060000000000007,0.8622442471268923
0.9070000000000007,0.8615921911216631
0.9080000000000007,0.860940152581234
0.9090000000000007,0.8602881342215803
0.9100000000000007,0.8596361387444503
0.9110000000000007,0.858984168837462
0.9120000000000007,0.8583322271742039
0.9130000000000007,0.8576803164143324
0.9140000000000007,0.8570284392036719
0.9150000000000007,0.8563765981743086
0.9160000000000007,0.8557247959446929
0.9170000000000007,0.8550730351197332
0.9180000000000007,0.8544213182908936
0.9190000000000007,0.8537696480362889
0.9200000000000007,0.853118026920785
0.9210000000000007,0.8524664574960897
0.9220000000000007,0.8518149423008501
0.9230000000000007,0.8511634838607469
0.9240000000000007,0.850512084688591
0.9250000000000007,0.8498607472844151
0.9260000000000007,0.8492094741355692
0.9270000000000007,0.8485582677168129
0.9280000000000007,0.8479071304904084
0.9290000000000007,0.8472560649062161
0.9300000000000007,0.8466050734017829
0.9310000000000007,0.8459541584024364
0.9320000000000007,0.8453033223213753
0.9330000000000007,0.8446525675597629
0.9340000000000007,0.8440018965068136
0.9350000000000007,0.8433513115398882
0.9360000000000007,0.8427008150245794
0.9370000000000007,0.8420504093148053
0.9380000000000007,0.8414000967528954
0.9390000000000007,0.8407498796696826
0.9400000000000007,0.840099760384587
0.9410000000000007,0.8394497412057085
0.9420000000000007,0.8387998244299114
0.9430000000000007,0.838150012342915
0.9440000000000007,0.8375003072193752
0.9450000000000007,0.8368507113229758
0.9460000000000007,0.8362012269065118
0.9470000000000007,0.8355518562119756
0.9480000000000007,0.8349026014706429
0.9490000000000007,0.8342534649031563
0.9500000000000007,0.8336044487196108
0.9510000000000007,0.8329555551196364
0.9520000000000007,0.8323067862924827
0.9530000000000007,0.8316581444171017
0.9540000000000007,0.8310096316622303
0.9550000000000007,0.8303612501864731
0.9560000000000007,0.8297130021383841
0.9570000000000007,0.8290648896565505
0.9580000000000007,0.8284169148696687
0.9590000000000007,0.8277690798966313
0.9600000000000007,0.8271213868466031
0.9610000000000007,0.8264738378191026
0.9620000000000007,0.8258264349040803
0.9630000000000007,0.8251791801820016
0.9640000000000007,0.8245320757239208
0.9650000000000007,0.8238851235915615
0.9660000000000007,0.8232383258373969
0.9670000000000007,0.822591684504722
0.9680000000000007,0.8219452016277359
0.9690000000000007,0.8212988792316165
0.9700000000000008,0.8206527193325963
0.9710000000000008,0.8200067239380389
0.9720000000000008,0.8193608950465161
0.9730000000000008,0.8187152346478807
0.9740000000000008,0.8180697447233423
0.9750000000000008,0.8174244272455427
0.9760000000000008,0.8167792841786287
0.9770000000000008,0.8161343174783253
0.9780000000000008,0.8154895290920107
0.9790000000000008,0.8148449209587891
0.9800000000000008,0.8142004950095615
0.9810000000000008,0.8135562531670972
0.9820000000000008,0.8129121973461108
0.9830000000000008,0.8122683294533275
0.9840000000000008,0.811624651387556
0.9850000000000008,0.810981165039761
0.9860000000000008,0.810337872293132
0.9870000000000008,0.8096947750231509
0.9880000000000008,0.8090518750976671
0.9890000000000008,0.8084091743769609
0.9900000000000008,0.8077666747138156
0.9910000000000008,0.8071243779535853
0.9920000000000008,0.8064822859342615
0.9930000000000008,0.8058404004865427
0.9940000000000008,0.8051987234338999
0.9950000000000008,0.8045572565926445
0.9960000000000008,0.8039160017719975
0.9970000000000008,0.8032749607741484
0.9980000000000008,0.8026341353943295
0.9990000000000008,0.8019935274208743
1.000000000000001,0.8013531386352886
1.001000000000001,0.8007129708123125
1.002,0.8000730257199826
1.003,0.7994333051196997
1.004,0.7987938107662922
1.005,0.7981545444080769
1.006,0.7975155077869245
1.007,0.7968767026383223
1.008,0.7962381306914337
1.009,0.7955997936691643
1.01,0.7949616932882195
1.010999999999999,0.7943238312591702
1.011999999999999,0.7936862092865106
1.012999999999999,0.7930488290687194
1.013999999999999,0.7924116922983211
1.014999999999999,0.7917748006619454
1.015999999999999,0.7911381558403872
1.016999999999999,0.7905017595086661
1.017999999999999,0.7898656133360838
1.018999999999999,0.7892297189862867
1.019999999999998,0.788594078117319
1.020999999999998,0.7879586923816857
1.021999999999998,0.7873235634264079
1.022999999999998,0.786688692893079
1.023999999999998,0.7860540824179265
1.024999999999998,0.7854197336318636
1.025999999999998,0.7847856481605489
1.026999999999998,0.7841518276244409
1.027999999999998,0.7835182736388548
1.028999999999997,0.7828849878140204
1.029999999999997,0.7822519717551307
1.030999999999997,0.7816192270624048
1.031999999999997,0.7809867553311379
1.032999999999997,0.7803545581517568
1.033999999999997,0.7797226371098737
1.034999999999997,0.7790909937863402
1.035999999999997,0.7784596297573014
1.036999999999997,0.7778285465942489
1.037999999999996,0.7771977458640739
1.038999999999996,0.7765672291291174
1.039999999999996,0.7759369979472269
1.040999999999996,0.775307053871806
1.041999999999996,0.7746773984518646
1.042999999999996,0.7740480332320737
1.043999999999996,0.7734189597528152
1.044999999999996,0.7727901795502314
1.045999999999996,0.7721616941562782
1.046999999999995,0.7715335050987746
1.047999999999995,0.770905613901452
1.048999999999995,0.7702780220840034
1.049999999999995,0.7696507311621364
1.050999999999995,0.7690237426476184
1.051999999999995,0.7683970580483289
1.052999999999995,0.7677706788683057
1.053999999999995,0.7671446066077952
1.054999999999995,0.7665188427632996
1.055999999999994,0.7658933888276249
1.056999999999994,0.7652682462899312
1.057999999999994,0.7646434166357738
1.058999999999994,0.7640189013471582
1.059999999999994,0.7633947019025809
1.060999999999994,0.7627708197770803
1.061999999999994,0.7621472564422795
1.062999999999994,0.7615240133664349
1.063999999999994,0.7609010920144823
1.064999999999994,0.7602784938480807
1.065999999999993,0.7596562203256584
1.066999999999993,0.7590342729024592
1.067999999999993,0.7584126530305852
1.068999999999993,0.7577913621590449
1.069999999999993,0.7571704017337935
1.070999999999993,0.7565497731977788
1.071999999999993,0.7559294779909886
1.072999999999993,0.7553095175504859
1.073999999999993,0.7546898933104617
1.074999999999992,0.7540706067022729
1.075999999999992,0.7534516591544851
1.076999999999992,0.752833052092917
1.077999999999992,0.7522147869406831
1.078999999999992,0.7515968651182352
1.079999999999992,0.7509792880434031
1.080999999999992,0.750362057131439
1.081999999999992,0.749745173795057
1.082999999999992,0.749128639444474
1.083999999999991,0.7485124554874546
1.084999999999991,0.7478966233293449
1.085999999999991,0.7472811443731212
1.086999999999991,0.7466660200194236
1.087999999999991,0.7460512516666002
1.088999999999991,0.7454368407107458
1.089999999999991,0.7448227885457388
1.090999999999991,0.744209096563287
1.091999999999991,0.7435957661529596
1.09299999999999,0.7429827987022318
1.09399999999999,0.7423701955965197
1.09499999999999,0.741757958219221
1.09599999999999,0.7411460879517516
1.09699999999999,0.7405345861735864
1.09799999999999,0.7399234542622931
1.09899999999999,0.7393126935935732
1.1,0.7387023055412922
