x,|ID|
0.0,1.866510659681749e-10
0.001,1.925935077156857e-10
0.002,1.977255314985657e-10
0.003,2.030050227234612e-10
0.004,2.084362057298297e-10
0.005,2.140234256620683e-10
0.006,2.19771151911789e-10
0.007,2.256839816577357e-10
0.008,2.317666435059644e-10
0.009000000000000001,2.38024001233108e-10
0.01,2.444610576357351e-10
0.011,2.510829584886381e-10
0.012,2.578949966151781e-10
0.013,2.649026160728293e-10
0.01400000000000001,2.721114164571498e-10
0.01500000000000001,2.795271573274552e-10
0.01600000000000001,2.871557627576714e-10
0.01700000000000001,2.950033260158231e-10
0.01800000000000001,3.030761143757436e-10
0.01900000000000001,3.113805740647879e-10
0.02000000000000001,3.199233353512342e-10
0.02100000000000001,3.2871121777539e-10
0.02200000000000001,3.377512355283e-10
0.02300000000000001,3.470506029823008e-10
0.02400000000000001,3.566167403775676e-10
0.02500000000000002,3.664572796690213e-10
0.02600000000000002,3.765800705381153e-10
0.02700000000000002,3.869931865740066e-10
0.02800000000000002,3.977049316289509e-10
0.02900000000000002,4.087238463525942e-10
0.03000000000000002,4.200587149103397e-10
0.03100000000000002,4.317185718907777e-10
0.03200000000000002,4.437127094074224e-10
0.03300000000000002,4.560506844002017e-10
0.03400000000000002,4.687423261423408e-10
0.03500000000000002,4.817977439580188e-10
0.03600000000000003,4.952273351570407e-10
0.03700000000000003,5.090417931922346e-10
0.03800000000000003,5.232521160459386e-10
0.03900000000000003,5.378696148516465e-10
0.04000000000000003,5.529059227577595e-10
0.04100000000000003,5.683730040396229e-10
0.04200000000000003,5.842831634671105e-10
0.04300000000000003,6.006490559345185e-10
0.04400000000000003,6.174836963602393e-10
0.04500000000000003,6.348004698634723e-10
0.04600000000000003,6.526131422256743e-10
0.04700000000000003,6.709358706445233e-10
0.04800000000000004,6.897832147886446e-10
0.04900000000000004,7.091701481609893e-10
0.05000000000000004,7.291120697797438e-10
0.05100000000000004,7.496248161851154e-10
0.05200000000000004,7.707246737812387e-10
0.05300000000000004,7.924283915221817e-10
0.05400000000000004,8.14753193951492e-10
0.05500000000000004,8.377167946050375e-10
0.05600000000000004,8.613374097869896e-10
0.05700000000000004,8.856337727290943e-10
0.05800000000000004,9.10625148143848e-10
0.05900000000000005,9.3633134718205e-10
0.06000000000000005,9.6277274280604e-10
0.06100000000000005,9.89970285589714e-10
0.06200000000000005,1.01794551995684e-09
0.06300000000000004,1.046720600869882e-09
0.06400000000000004,1.076318310981307e-09
0.06500000000000004,1.106762078259915e-09
0.06600000000000004,1.138075994104945e-09
0.06700000000000005,1.170284831961748e-09
0.06800000000000005,1.203414066451443e-09
0.06900000000000005,1.237489893029627e-09
0.07000000000000005,1.272539248187472e-09
0.07100000000000005,1.308589830210578e-09
0.07200000000000005,1.345670120509497e-09
0.07300000000000005,1.383809405538772e-09
0.07400000000000005,1.423037799318809e-09
0.07500000000000005,1.463386266577619e-09
0.07600000000000005,1.504886646528721e-09
0.07700000000000005,1.547571677302383e-09
0.07800000000000006,1.591475021047058e-09
0.07900000000000006,1.636631289719939e-09
0.08000000000000006,1.683076071583786e-09
0.08100000000000006,1.73084595842947e-09
0.08200000000000006,1.779978573543756e-09
0.08300000000000006,1.830512600441159e-09
0.08400000000000006,1.882487812380856e-09
0.08500000000000006,1.935945102689263e-09
0.08600000000000006,1.990926515909318e-09
0.08700000000000006,2.047475279798382e-09
0.08800000000000006,2.105635838197017e-09
0.08900000000000007,2.165453884791893e-09
0.09000000000000007,2.226976397795215e-09
0.09100000000000007,2.290251675566556e-09
0.09200000000000007,2.355329373199384e-09
0.09300000000000007,2.422260540099052e-09
0.09400000000000007,2.491097658578419e-09
0.09500000000000007,2.561894683495466e-09
0.09600000000000007,2.634707082962205e-09
0.09700000000000007,2.709591880151681e-09
0.09800000000000007,2.786607696230822e-09
0.09900000000000007,2.865814794450018e-09
0.1000000000000001,2.947275125416842e-09
0.1010000000000001,3.03105237358634e-09
0.1020000000000001,3.117212004998358e-09
0.1030000000000001,3.205821316293631e-09
0.1040000000000001,3.296949485040979e-09
0.1050000000000001,3.390667619015625e-09
0.1060000000000001,3.487048742744774e-09
0.1070000000000001,3.586167952253866e-09
0.1080000000000001,3.688102470029237e-09
0.1090000000000001,3.79293167146601e-09
0.1100000000000001,3.900737143770339e-09
0.1110000000000001,4.011602746424352e-09
0.1120000000000001,4.125614673251513e-09
0.1130000000000001,4.242861516122845e-09
0.1140000000000001,4.363434330344489e-09
0.1150000000000001,4.487426701769671e-09
0.1160000000000001,4.614934815675942e-09
0.1170000000000001,4.746057527453662e-09
0.1180000000000001,4.880896435148306e-09
0.1190000000000001,5.019555953903668e-09
0.1200000000000001,5.162143392351931e-09
0.1210000000000001,5.308769030998444e-09
0.1220000000000001,5.4595462026504e-09
0.1230000000000001,5.61459137493731e-09
0.1240000000000001,5.774024234976984e-09
0.1250000000000001,5.937967776235232e-09
0.1260000000000001,6.106548387636357e-09
0.1270000000000001,6.27989594497318e-09
0.1280000000000001,6.458143904678174e-09
0.1290000000000001,6.64142940000481e-09
0.1300000000000001,6.829893339682928e-09
0.1310000000000001,7.023680509101864e-09
0.1320000000000001,7.222939674083729e-09
0.1330000000000001,7.427823687306391e-09
0.1340000000000001,7.638489597439033e-09
0.1350000000000001,7.855098761052298e-09
0.1360000000000001,8.077816957368045e-09
0.1370000000000001,8.306814505916765e-09
0.1380000000000001,8.542266387162465e-09
0.1390000000000001,8.784352366173882e-09
0.1400000000000001,9.033257119400073e-09
0.1410000000000001,9.289170364629518e-09
0.1420000000000001,9.552286994199822e-09
0.1430000000000001,9.822807211533845e-09
0.1440000000000001,1.01009366710745e-08
0.1450000000000001,1.0386886621696e-08
0.1460000000000001,1.06808740536669e-08
0.1470000000000001,1.098312184924434e-08
0.1480000000000001,1.129385893697783e-08
0.1490000000000001,1.161332044980507e-08
0.1500000000000001,1.194174788702223e-08
0.1510000000000001,1.227938928020765e-08
0.1520000000000001,1.26264993631911e-08
0.1530000000000001,1.298333974614733e-08
0.1540000000000001,1.335017909390847e-08
0.1550000000000001,1.372729330857543e-08
0.1560000000000001,1.411496571652718e-08
0.1570000000000001,1.451348725991113e-08
0.1580000000000001,1.492315669271312e-08
0.1590000000000001,1.534428078149518e-08
0.1600000000000001,1.577717451090271e-08
0.1610000000000001,1.622216129402866e-08
0.1620000000000001,1.667957318773799e-08
0.1630000000000001,1.714975111305049e-08
0.1640000000000001,1.763304508067787e-08
0.1650000000000001,1.812981442181989e-08
0.1660000000000001,1.864042802431379e-08
0.1670000000000001,1.916526457425341e-08
0.1680000000000001,1.970471280316492e-08
0.1690000000000001,2.025917174085737e-08
0.1700000000000001,2.082905097404715e-08
0.1710000000000001,2.141477091085985e-08
0.1720000000000001,2.201676305132943e-08
0.1730000000000001,2.263547026398406e-08
0.1740000000000001,2.327134706864678e-08
0.1750000000000001,2.392485992554558e-08
0.1760000000000001,2.459648753084962e-08
0.1770000000000001,2.528672111874204e-08
0.1780000000000001,2.59960647701425e-08
0.1790000000000001,2.67250357281809e-08
0.1800000000000001,2.747416472054892e-08
0.1810000000000001,2.824399628883145e-08
0.1820000000000001,2.903508912492676e-08
0.1830000000000001,2.98480164146879e-08
0.1840000000000001,3.068336618886537e-08
0.1850000000000001,3.154174168149738e-08
0.1860000000000001,3.242376169583304e-08
0.1870000000000001,3.333006097791508e-08
0.1880000000000001,3.42612905979301e-08
0.1890000000000001,3.521811833942931e-08
0.1900000000000001,3.620122909654538e-08
0.1910000000000001,3.721132527929921e-08
0.1920000000000001,3.824912722711131e-08
0.1930000000000001,3.93153736306267e-08
0.1940000000000001,4.041082196195395e-08
0.1950000000000001,4.153624891342857e-08
0.1960000000000001,4.269245084500009e-08
0.1970000000000001,4.388024424033987e-08
0.1980000000000001,4.510046617178421e-08
0.1990000000000001,4.635397477418732e-08
0.2000000000000001,4.764164972779584e-08
0.2010000000000002,4.896439275023546e-08
0.2020000000000002,5.032312809769705e-08
0.2030000000000002,5.17188030753964e-08
0.2040000000000002,5.315238855741593e-08
0.2050000000000002,5.462487951599928e-08
0.2060000000000002,5.613729556035814e-08
0.2070000000000002,5.769068148509162e-08
0.2080000000000002,5.928610782827369e-08
0.2090000000000002,6.092467143926867e-08
0.2100000000000002,6.260749605635503e-08
0.2110000000000002,6.433573289418277e-08
0.2120000000000002,6.611056124115217e-08
0.2130000000000002,6.793318906672089e-08
0.2140000000000002,6.980485363871789e-08
0.2150000000000002,7.17268221506596e-08
0.2160000000000002,7.370039235913195e-08
0.2170000000000002,7.572689323123302e-08
0.2180000000000002,7.780768560210376e-08
0.2190000000000002,7.994416284255917e-08
0.2200000000000002,8.213775153679346e-08
0.2210000000000002,8.438991217019767e-08
0.2220000000000002,8.670213982722813e-08
0.2230000000000002,8.907596489932337e-08
0.2240000000000002,9.151295380284382e-08
0.2250000000000002,9.40147097069733e-08
0.2260000000000002,9.65828732715446e-08
0.2270000000000002,9.921912339472521e-08
0.2280000000000002,1.019251779704896e-07
0.2290000000000002,1.047027946557923e-07
0.2300000000000002,1.075537716473614e-07
0.2310000000000002,1.104799484679969e-07
0.2320000000000002,1.134832067622535e-07
0.2330000000000002,1.165654711014134e-07
0.2340000000000002,1.197287097975343e-07
0.2350000000000002,1.229749357265299e-07
0.2360000000000002,1.263062071599928e-07
0.2370000000000002,1.297246286056958e-07
0.2380000000000002,1.332323516564577e-07
0.2390000000000002,1.368315758472954e-07
0.2400000000000002,1.405245495205368e-07
0.2410000000000002,1.443135706986602e-07
0.2420000000000002,1.482009879647046e-07
0.2430000000000002,1.521892013498462e-07
0.2440000000000002,1.562806632279476e-07
0.2450000000000002,1.604778792167306e-07
0.2460000000000002,1.647834090852827e-07
0.2470000000000002,1.691998676675082e-07
0.2480000000000002,1.737299257812349e-07
0.2490000000000002,1.783763111525235e-07
0.2500000000000002,1.831418093448588e-07
0.2510000000000002,1.880292646927511e-07
0.2520000000000002,1.930415812393322e-07
0.2530000000000002,1.981817236775298e-07
0.2540000000000002,2.034527182942673e-07
0.2550000000000002,2.088576539172813e-07
0.2560000000000002,2.143996828639688e-07
0.2570000000000002,2.200820218917684e-07
0.2580000000000002,2.259079531495357e-07
0.2590000000000002,2.318808251292505e-07
0.2600000000000002,2.380040536175449e-07
0.2610000000000002,2.442811226463946e-07
0.2620000000000002,2.507155854422983e-07
0.2630000000000002,2.573110653733178e-07
0.2640000000000002,2.640712568932473e-07
0.2650000000000002,2.709999264822384e-07
0.2660000000000002,2.781009135831117e-07
0.2670000000000002,2.853781315325824e-07
0.2680000000000002,2.928355684866468e-07
0.2690000000000002,3.004772883393003e-07
0.2700000000000002,3.083074316337505e-07
0.2710000000000002,3.163302164652488e-07
0.2720000000000002,3.245499393747259e-07
0.2730000000000002,3.329709762322603e-07
0.2740000000000002,3.415977831094509e-07
0.2750000000000002,3.504348971397885e-07
0.2760000000000002,3.594869373659928e-07
0.2770000000000002,3.687586055734343e-07
0.2780000000000002,3.782546871083642e-07
0.2790000000000002,3.879800516802315e-07
0.2800000000000002,3.979396541468077e-07
0.2810000000000002,4.081385352810381e-07
0.2820000000000002,4.185818225186193e-07
0.2830000000000002,4.292747306850705e-07
0.2840000000000002,4.402225627011975e-07
0.2850000000000002,4.514307102657352e-07
0.2860000000000002,4.629046545140331e-07
0.2870000000000002,4.746499666515203e-07
0.2880000000000002,4.866723085607295e-07
0.2890000000000002,4.98977433380706e-07
0.2900000000000002,5.115711860573942e-07
0.2910000000000002,5.244595038639054e-07
0.2920000000000002,5.37648416889198e-07
0.2930000000000002,5.51144048494034e-07
0.2940000000000002,5.649526157327514e-07
0.2950000000000002,5.79080429739641e-07
0.2960000000000002,5.935338960785125e-07
0.2970000000000002,6.08319515054195e-07
0.2980000000000002,6.23443881984504e-07
0.2990000000000002,6.389136874315043e-07
0.3000000000000002,6.547357173904869e-07
0.3010000000000002,6.709168534355919e-07
0.3020000000000002,6.874640728204185e-07
0.3030000000000002,7.043844485325754e-07
0.3040000000000002,7.216851493005847e-07
0.3050000000000002,7.393734395520364e-07
0.3060000000000002,7.574566793214868e-07
0.3070000000000002,7.759423241068901e-07
0.3080000000000002,7.948379246733959e-07
0.3090000000000002,8.141511268028596e-07
0.3100000000000002,8.338896709884749e-07
0.3110000000000002,8.540613920725555e-07
0.3120000000000002,8.746742188269891e-07
0.3130000000000002,8.957361734746246e-07
0.3140000000000002,9.17255371150941e-07
0.3150000000000002,9.392400193046659e-07
0.3160000000000002,9.616984170363268e-07
0.3170000000000002,9.846389543738894e-07
0.3180000000000002,1.00807011148439e-06
0.3190000000000002,1.032000457820839e-06
0.3200000000000002,1.056438651203457e-06
0.3210000000000002,1.081393436834588e-06
0.3220000000000002,1.106873646246472e-06
0.3230000000000002,1.132888196181443e-06
0.3240000000000002,1.159446087403869e-06
0.3250000000000002,1.186556403443402e-06
0.3260000000000002,1.21422830926927e-06
0.3270000000000002,1.242471049895157e-06
0.3280000000000002,1.271293948914667e-06
0.3290000000000002,1.300706406966925e-06
0.3300000000000002,1.330717900132996e-06
0.3310000000000002,1.361337978262325e-06
0.3320000000000002,1.392576263230173e-06
0.3330000000000002,1.424442447125976e-06
0.3340000000000002,1.456946290373351e-06
0.3350000000000002,1.490097619781641e-06
0.3360000000000002,1.523906326530893e-06
0.3370000000000002,1.558382364089709e-06
0.3380000000000002,1.593535746067953e-06
0.3390000000000002,1.629376544004716e-06
0.3400000000000002,1.665914885093044e-06
0.3410000000000002,1.703160949842812e-06
0.3420000000000002,1.741124969682963e-06
0.3430000000000002,1.779817224504744e-06
0.3440000000000003,1.819248040147919e-06
0.3450000000000003,1.859427785831558e-06
0.3460000000000003,1.900366871531476e-06
0.3470000000000003,1.942075745306577e-06
0.3480000000000003,1.98456489057615e-06
0.3490000000000003,2.027844823350803e-06
0.3500000000000003,2.07192608941939e-06
0.3510000000000003,2.116819261494471e-06
0.3520000000000003,2.162534936319484e-06
0.3530000000000003,2.209083731740405e-06
0.3540000000000003,2.256476283744295e-06
0.3550000000000003,2.304723243469245e-06
0.3560000000000003,2.353835274187471e-06
0.3570000000000003,2.403823048266118e-06
0.3580000000000003,2.454697244108328e-06
0.3590000000000003,2.506468543078818e-06
0.3600000000000003,2.559147626417262e-06
0.3610000000000003,2.612745172143141e-06
0.3620000000000003,2.667271851956002e-06
0.3630000000000003,2.722738328135031e-06
0.3640000000000003,2.779155250441454e-06
0.3650000000000003,2.836533253028179e-06
0.3660000000000003,2.894882951360554e-06
0.3670000000000003,2.95421493915162e-06
0.3680000000000003,3.014539785317125e-06
0.3690000000000003,3.0758680309528e-06
0.3700000000000003,3.138210186339366e-06
0.3710000000000003,3.201576727978063e-06
0.3720000000000003,3.265978095661538e-06
0.3730000000000003,3.331424689583293e-06
0.3740000000000003,3.397926867490558e-06
0.3750000000000003,3.465494941883114e-06
0.3760000000000003,3.534139177262839e-06
0.3770000000000003,3.603869787437515e-06
0.3780000000000003,3.674696932882083e-06
0.3790000000000003,3.746630718160592e-06
0.3800000000000003,3.819681189413467e-06
0.3810000000000003,3.893858331912037e-06
0.3820000000000003,3.969172067683645e-06
0.3830000000000003,4.045632253211363e-06
0.3840000000000003,4.123248677209484e-06
0.3850000000000003,4.20203105847907e-06
0.3860000000000003,4.281989043844608e-06
0.3870000000000003,4.363132206175697e-06
0.3880000000000003,4.445470042494077e-06
0.3890000000000003,4.529011972169744e-06
0.3900000000000003,4.613767335206664e-06
0.3910000000000003,4.699745390620324e-06
0.3920000000000003,4.786955314908508e-06
0.3930000000000003,4.875406200615592e-06
0.3940000000000003,4.965107054993288e-06
0.3950000000000003,5.056066798755811e-06
0.3960000000000003,5.148294264933227e-06
0.3970000000000003,5.241798197820559e-06
0.3980000000000003,5.336587252024389e-06
0.3990000000000003,5.432669991606494e-06
0.4000000000000003,5.530054889323991e-06
0.4010000000000003,5.628750325966355e-06
0.4020000000000003,5.72876458978719e-06
0.4030000000000003,5.830105876031522e-06
0.4040000000000003,5.932782286556084e-06
0.4050000000000003,6.036801829542755e-06
0.4060000000000003,6.142172419302239e-06
0.4070000000000003,6.248901876167694e-06
0.4080000000000003,6.356997926475608e-06
0.4090000000000003,6.466468202632243e-06
0.4100000000000003,6.577320243263905e-06
0.4110000000000003,6.689561493448371e-06
0.4120000000000003,6.803199305024455e-06
0.4130000000000003,6.918240936979161e-06
0.4140000000000003,7.034693555907332e-06
0.4150000000000003,7.152564236542261e-06
0.4160000000000003,7.271859962355379e-06
0.4170000000000003,7.392587626218531e-06
0.4180000000000003,7.514754031131146e-06
0.4190000000000003,7.638365891003672e-06
0.4200000000000003,7.76342983149706e-06
0.4210000000000003,7.889952390915391e-06
0.4220000000000003,8.017940021146206e-06
0.4230000000000003,8.147399088646922e-06
0.4240000000000003,8.278335875472811e-06
0.4250000000000003,8.410756580344036e-06
0.4260000000000003,8.54466731974758e-06
0.4270000000000003,8.680074129071162e-06
0.4280000000000003,8.81698296376443e-06
0.4290000000000003,8.955399700526947e-06
0.4300000000000003,9.095330138515142e-06
0.4310000000000003,9.236780000569573e-06
0.4320000000000003,9.379754934454993e-06
0.4330000000000003,9.52426051411322e-06
0.4340000000000003,9.670302240923453e-06
0.4350000000000003,9.817885544967848e-06
0.4360000000000003,9.967015786298334e-06
0.4370000000000003,1.011769825620389e-05
0.4380000000000003,1.026993817847128e-05
0.4390000000000003,1.042374071064102e-05
0.4400000000000003,1.057911094525199e-05
0.4410000000000003,1.073605391107466e-05
0.4420000000000003,1.089457457432829e-05
0.4430000000000003,1.105467783988059e-05
0.4440000000000003,1.121636855242897e-05
0.4450000000000003,1.137965149765691e-05
0.4460000000000003,1.154453140336712e-05
0.4470000000000003,1.171101294058954e-05
0.4480000000000003,1.18791007246582e-05
0.4490000000000003,1.204879931625921e-05
0.4500000000000003,1.22201132224474e-05
0.4510000000000003,1.23930468976266e-05
0.4520000000000003,1.256760474449843e-05
0.4530000000000003,1.274379111497098e-05
0.4540000000000003,1.292161031103218e-05
0.4550000000000003,1.310106658558288e-05
0.4560000000000003,1.328216414323045e-05
0.4570000000000004,1.34649071410409e-05
0.4580000000000004,1.364929968925054e-05
0.4590000000000004,1.383534585193361e-05
0.4600000000000004,1.402304964762731e-05
0.4610000000000004,1.421241504991463e-05
0.4620000000000004,1.440344598796136e-05
0.4630000000000004,1.459614634701027e-05
0.4640000000000004,1.479051996883058e-05
0.4650000000000004,1.498657065212211e-05
0.4660000000000004,1.518430215287705e-05
0.4670000000000004,1.538371818469538e-05
0.4680000000000004,1.558482241905713e-05
0.4690000000000004,1.578761848555013e-05
0.4700000000000004,1.599210997205578e-05
0.4710000000000004,1.619830042488988e-05
0.4720000000000004,1.640619334890104e-05
0.4730000000000004,1.661579220752951e-05
0.4740000000000004,1.682710042282064e-05
0.4750000000000004,1.704012137540202e-05
0.4760000000000004,1.725485840441646e-05
0.4770000000000004,1.747131480741934e-05
0.4780000000000004,1.768949384023577e-05
0.4790000000000004,1.790939871678155e-05
0.4800000000000004,1.813103260884665e-05
0.4810000000000004,1.835439864584466e-05
0.4820000000000004,1.857949991452678e-05
0.4830000000000004,1.880633945866366e-05
0.4840000000000004,1.903492027869446e-05
0.4850000000000004,1.926524533134583e-05
0.4860000000000004,1.94973175292201e-05
0.4870000000000004,1.973113974035512e-05
0.4880000000000004,1.996671478775838e-05
0.4890000000000004,2.020404544891289e-05
0.4900000000000004,2.044313445525973e-05
0.4910000000000004,2.068398449165596e-05
0.4920000000000004,2.09265981958116e-05
0.4930000000000004,2.117097815770427e-05
0.4940000000000004,2.141712691897551e-05
0.4950000000000004,2.166504697230756e-05
0.4960000000000004,2.191474076078334e-05
0.4970000000000004,2.216621067723084e-05
0.4980000000000004,2.24194590635536e-05
0.4990000000000004,2.267448821004635e-05
0.5000000000000003,2.293130035469978e-05
0.5010000000000003,2.318989768249557e-05
0.5020000000000003,2.345028232468993e-05
0.5030000000000003,2.371245635808874e-05
0.5040000000000003,2.397642180431985e-05
0.5050000000000003,2.424218062909412e-05
0.5060000000000003,2.450973474146473e-05
0.5070000000000003,2.477908599308461e-05
0.5080000000000003,2.505023617745778e-05
0.5090000000000003,2.532318702919204e-05
0.5100000000000003,2.559794022325225e-05
0.5110000000000003,2.587449737421245e-05
0.5120000000000003,2.615286003551252e-05
0.5130000000000003,2.643302969871654e-05
0.5140000000000003,2.671500779277524e-05
0.5150000000000003,2.699879568329488e-05
0.5160000000000003,2.728439467181207e-05
0.5170000000000003,2.757180599507455e-05
0.5180000000000003,2.786103082433105e-05
0.5190000000000003,2.815207026463028e-05
0.5200000000000004,2.844492535412815e-05
0.5210000000000004,2.873959706340908e-05
0.5220000000000004,2.903608629481325e-05
0.5230000000000004,2.933439388178137e-05
0.5240000000000004,2.963452058821028e-05
0.5250000000000004,2.993646710782038e-05
0.5260000000000004,3.024023406354138e-05
0.5270000000000004,3.054582200690857e-05
0.5280000000000004,3.085323141747881e-05
0.5290000000000004,3.116246270225948e-05
0.5300000000000004,3.147351619515687e-05
0.5310000000000004,3.178639215643908e-05
0.5320000000000004,3.210109077222045e-05
0.5330000000000004,3.241761215395945e-05
0.5340000000000004,3.273595633798024e-05
0.5350000000000004,3.305612328501101e-05
0.5360000000000004,3.337811287974059e-05
0.5370000000000004,3.37019249303988e-05
0.5380000000000004,3.402755916835388e-05
0.5390000000000004,3.435501524773192e-05
0.5400000000000004,3.468429274505573e-05
0.5410000000000004,3.501539115890955e-05
0.5420000000000004,3.53483099096179e-05
0.5430000000000004,3.56830483389531e-05
0.5440000000000004,3.601960570985969e-05
0.5450000000000004,3.635798120620471e-05
0.5460000000000004,3.669817393254653e-05
0.5470000000000004,3.704018291392969e-05
0.5480000000000004,3.738400709569904e-05
0.5490000000000004,3.772964534333755e-05
0.5500000000000004,3.807709644232806e-05
0.5510000000000004,3.842635909803552e-05
0.5520000000000004,3.877743193561298e-05
0.5530000000000004,3.913031349992932e-05
0.5540000000000004,3.948500225552212e-05
0.5550000000000004,3.984149658656901e-05
0.5560000000000004,4.019979479688517e-05
0.5570000000000004,4.055989510994112e-05
0.5580000000000004,4.092179566890402e-05
0.5590000000000004,4.128549453670074e-05
0.5600000000000004,4.165098969610269e-05
0.5610000000000004,4.201827904983355e-05
0.5620000000000004,4.238736042069762e-05
0.5630000000000004,4.275823155173092e-05
0.5640000000000004,4.313089010637261e-05
0.5650000000000004,4.350533366865949e-05
0.5660000000000004,4.388155974343924e-05
0.5670000000000004,4.425956575660596e-05
0.5680000000000004,4.463934905535578e-05
0.5690000000000004,4.502090690846322e-05
0.5700000000000004,4.540423650657763e-05
0.5710000000000004,4.578933496253842e-05
0.5720000000000004,4.617619931171146e-05
0.5730000000000004,4.656482651234254e-05
0.5740000000000004,4.695521344593219e-05
0.5750000000000004,4.734735691762827e-05
0.5760000000000004,4.774125365663521e-05
0.5770000000000004,4.81369003166439e-05
0.5780000000000004,4.853429347627774e-05
0.5790000000000004,4.893342963955583e-05
0.5800000000000004,4.933430523637457e-05
0.5810000000000004,4.973691662300362e-05
0.5820000000000004,5.014126008260143e-05
0.5830000000000004,5.054733182574304e-05
0.5840000000000004,5.095512799096592e-05
0.5850000000000004,5.13646446453309e-05
0.5860000000000004,5.177587778499605e-05
0.5870000000000004,5.218882333580757e-05
0.5880000000000004,5.26034771539026e-05
0.5890000000000004,5.30198350263287e-05
0.5900000000000004,5.343789267167089e-05
0.5910000000000004,5.385764574069908e-05
0.5920000000000004,5.427908981702324e-05
0.5930000000000004,5.470222041776098e-05
0.5940000000000004,5.512703299421914e-05
0.5950000000000004,5.555352293258381e-05
0.5960000000000004,5.598168555462561e-05
0.5970000000000004,5.641151611841041e-05
0.5980000000000004,5.684300981902485e-05
0.5990000000000004,5.727616178930875e-05
0.6000000000000004,5.771096710059735e-05
0.6010000000000004,5.814742076347601e-05
0.6020000000000004,5.858551772853772e-05
0.6030000000000004,5.902525288715421e-05
0.6040000000000004,5.946662107225128e-05
0.6050000000000004,5.990961705909499e-05
0.6060000000000004,6.03542355660825e-05
0.6070000000000004,6.08004712555399e-05
0.6080000000000004,6.124831873452795e-05
0.6090000000000004,6.169777255565373e-05
0.6100000000000004,6.214882721788467e-05
0.6110000000000004,6.26014771673739e-05
0.6120000000000004,6.305571679828506e-05
0.6130000000000004,6.351154045362423e-05
0.6140000000000004,6.396894242607663e-05
0.6150000000000004,6.442791695884509e-05
0.6160000000000004,6.488845824649525e-05
0.6170000000000004,6.535056043580039e-05
0.6180000000000004,6.581421762659169e-05
0.6190000000000004,6.62794238726114e-05
0.6200000000000004,6.674617318236503e-05
0.6210000000000004,6.721445951997923e-05
0.6220000000000004,6.768427680605964e-05
0.6230000000000004,6.81556189185499e-05
0.6240000000000004,6.862847969359114e-05
0.6250000000000004,6.910285292638389e-05
0.6260000000000004,6.957873237204856e-05
0.6270000000000004,7.005611174648837e-05
0.6280000000000004,7.053498472724822e-05
0.6290000000000004,7.101534495437711e-05
0.6300000000000004,7.149718603128856e-05
0.6310000000000004,7.198050152561807e-05
0.6320000000000005,7.246528497008169e-05
0.6330000000000005,7.295152986333279e-05
0.6340000000000005,7.343922967081501e-05
0.6350000000000005,7.392837782561642e-05
0.6360000000000005,7.441896772931808e-05
0.6370000000000005,7.491099275284311e-05
0.6380000000000005,7.54044462373001e-05
0.6390000000000005,7.589932149482565e-05
0.6400000000000005,7.639561180942402e-05
0.6410000000000005,7.689331043780076e-05
0.6420000000000005,7.739241061019415e-05
0.6430000000000005,7.789290553120577e-05
0.6440000000000005,7.839478838062139e-05
0.6450000000000005,7.889805231423227e-05
0.6460000000000005,7.940269046464875e-05
0.6470000000000005,7.990869594211388e-05
0.6480000000000005,8.041606183530501e-05
0.6490000000000005,8.092478121213848e-05
0.6500000000000005,8.143484712056343e-05
0.6510000000000005,8.194625258935407e-05
0.6520000000000005,8.245899062889172e-05
0.6530000000000005,8.297305423194818e-05
0.6540000000000005,8.348843637445724e-05
0.6550000000000005,8.400513001628321e-05
0.6560000000000005,8.452312810198342e-05
0.6570000000000005,8.504242356156353e-05
0.6580000000000005,8.55630093112282e-05
0.6590000000000005,8.608487825412364e-05
0.6600000000000005,8.660802328107532e-05
0.6610000000000005,8.713243727131706e-05
0.6620000000000005,8.765811309321643e-05
0.6630000000000005,8.818504360499033e-05
0.6640000000000005,8.871322165541522e-05
0.6650000000000005,8.924264008453031e-05
0.6660000000000005,8.977329172433408e-05
0.6670000000000005,9.030516939947285e-05
0.6680000000000005,9.083826592792284e-05
0.6690000000000005,9.137257412166224e-05
0.6700000000000005,9.190808678734259e-05
0.6710000000000005,9.244479672694414e-05
0.6720000000000005,9.298269673843175e-05
0.6730000000000005,9.352177961639617e-05
0.6740000000000005,9.406203815269369e-05
0.6750000000000005,9.460346513707472e-05
0.6760000000000005,9.514605335780517e-05
0.6770000000000005,9.568979560228109e-05
0.6780000000000005,9.623468465763523e-05
0.6790000000000005,9.678071331133484e-05
0.6800000000000005,9.73278743517736e-05
0.6810000000000005,9.787616056885399e-05
0.6820000000000005,9.842556475456159e-05
0.6830000000000005,9.897607970353425e-05
0.6840000000000005,9.952769821362019e-05
0.6850000000000005,0.0001000804130864293
0.6860000000000005,0.0001006342171278768
0.6870000000000005,0.0001011891031487207
0.6880000000000005,0.0001017450639650863
0.6890000000000005,0.0001023020923989893
0.6900000000000005,0.0001028601812788455
0.6910000000000005,0.0001034193234399762
0.6920000000000005,0.0001039795117251031
0.6930000000000005,0.0001045407389848385
0.6940000000000005,0.0001051029980781638
0.6950000000000005,0.0001056662818729023
0.6960000000000005,0.0001062305832461853
0.6970000000000005,0.000106795895084907
0.6980000000000005,0.0001073622102861761
0.6990000000000005,0.0001079295217577555
0.7000000000000005,0.0001084978224184941
0.7010000000000005,0.0001090671051987585
0.7020000000000005,0.000109637363040844
0.7030000000000005,0.000110208588899391
0.7040000000000005,0.0001107807757417842
0.7050000000000005,0.0001113539165485523
0.7060000000000005,0.0001119280043137485
0.7070000000000005,0.0001125030320453408
0.7080000000000005,0.0001130789927655754
0.7090000000000005,0.0001136558795113485
0.7100000000000005,0.0001142336853345643
0.7110000000000005,0.0001148124033024798
0.7120000000000005,0.0001153920264980572
0.7130000000000005,0.0001159725480202922
0.7140000000000005,0.0001165539609845499
0.7150000000000005,0.0001171362585228823
0.7160000000000005,0.0001177194337843462
0.7170000000000005,0.0001183034799353087
0.7180000000000005,0.0001188883901597517
0.7190000000000005,0.000119474157659562
0.7200000000000005,0.0001200607756548234
0.7210000000000005,0.0001206482373840933
0.7220000000000005,0.0001212365361046782
0.7230000000000005,0.0001218256650929023
0.7240000000000005,0.0001224156176443664
0.7250000000000005,0.0001230063870742011
0.7260000000000005,0.0001235979667173192
0.7270000000000005,0.0001241903499286511
0.7280000000000005,0.0001247835300833821
0.7290000000000005,0.0001253775005771846
0.7300000000000005,0.0001259722548264331
0.7310000000000005,0.0001265677862684277
0.7320000000000005,0.0001271640883616006
0.7330000000000005,0.0001277611545857207
0.7340000000000005,0.0001283589784420915
0.7350000000000005,0.0001289575534537457
0.7360000000000005,0.0001295568731656287
0.7370000000000005,0.0001301569311447826
0.7380000000000005,0.0001307577209805173
0.7390000000000005,0.0001313592362845842
0.7400000000000005,0.0001319614706913365
0.7410000000000005,0.0001325644178578908
0.7420000000000005,0.0001331680714642786
0.7430000000000005,0.0001337724252135942
0.7440000000000005,0.000134377472832135
0.7450000000000006,0.0001349832080695436
0.7460000000000006,0.0001355896246989361
0.7470000000000006,0.0001361967165170295
0.7480000000000006,0.0001368044773442652
0.7490000000000006,0.0001374129010249241
0.7500000000000006,0.000138021981427242
0.7510000000000006,0.0001386317124435117
0.7520000000000006,0.000139242087990192
0.7530000000000006,0.0001398531020080017
0.7540000000000006,0.000140464748462012
0.7550000000000006,0.0001410770213417409
0.7560000000000006,0.0001416899146612307
0.7570000000000006,0.0001423034224591334
0.7580000000000006,0.0001429175387987829
0.7590000000000006,0.0001435322577682691
0.7600000000000006,0.0001441475734805035
0.7610000000000006,0.0001447634800732818
0.7620000000000006,0.0001453799717093455
0.7630000000000006,0.0001459970425764341
0.7640000000000006,0.0001466146868873368
0.7650000000000006,0.0001472328988799412
0.7660000000000006,0.0001478516728172748
0.7670000000000006,0.0001484710029875451
0.7680000000000006,0.0001490908837041783
0.7690000000000006,0.0001497113093058452
0.7700000000000006,0.0001503322741564982
0.7710000000000006,0.0001509537726453888
0.7720000000000006,0.0001515757991870942
0.7730000000000006,0.0001521983482215344
0.7740000000000006,0.0001528214142139879
0.7750000000000006,0.0001534449916551004
0.7760000000000006,0.0001540690750608989
0.7770000000000006,0.0001546936589727918
0.7780000000000006,0.0001553187379575753
0.7790000000000006,0.0001559443066074291
0.7800000000000006,0.0001565703595399159
0.7810000000000006,0.0001571968913979744
0.7820000000000006,0.0001578238968499077
0.7830000000000006,0.0001584513705893722
0.7840000000000006,0.0001590793073353652
0.7850000000000006,0.0001597077018322025
0.7860000000000006,0.0001603365488495015
0.7870000000000006,0.0001609658431821581
0.7880000000000006,0.0001615955796503191
0.7890000000000006,0.0001622257530993557
0.7900000000000006,0.0001628563583998348
0.7910000000000006,0.0001634873904474822
0.7920000000000006,0.0001641188441631509
0.7930000000000006,0.0001647507144927832
0.7940000000000006,0.000165382996407368
0.7950000000000006,0.0001660156849029041
0.7960000000000006,0.000166648775000353
0.7970000000000006,0.000167282261745592
0.7980000000000006,0.0001679161402093686
0.7990000000000006,0.0001685504054872487
0.8000000000000006,0.0001691850526995669
0.8010000000000006,0.0001698200769913673
0.8020000000000006,0.0001704554735323546
0.8030000000000006,0.0001710912375168313
0.8040000000000006,0.0001717273641636395
0.8050000000000006,0.0001723638487161023
0.8060000000000006,0.0001730006864419559
0.8070000000000006,0.0001736378726332901
0.8080000000000006,0.0001742754026064785
0.8090000000000006,0.0001749132717021144
0.8100000000000006,0.0001755514752849374
0.8110000000000006,0.0001761900087437656
0.8120000000000006,0.0001768288674914228
0.8130000000000006,0.0001774680469646649
0.8140000000000006,0.000178107542624104
0.8150000000000006,0.0001787473499541332
0.8160000000000006,0.000179387464462849
0.8170000000000006,0.0001800278816819712
0.8180000000000006,0.000180668597166765
0.8190000000000006,0.0001813096064959566
0.8200000000000006,0.0001819509052716535
0.8210000000000006,0.0001825924891192602
0.8220000000000006,0.0001832343536873925
0.8230000000000006,0.0001838764946477938
0.8240000000000006,0.0001845189076952442
0.8250000000000006,0.0001851615885474783
0.8260000000000006,0.0001858045329450932
0.8270000000000006,0.0001864477366514576
0.8280000000000006,0.0001870911954526249
0.8290000000000006,0.0001877349051572387
0.8300000000000006,0.0001883788615964423
0.8310000000000006,0.0001890230606237842
0.8320000000000006,0.0001896674981151255
0.8330000000000006,0.000190312169968545
0.8340000000000006,0.0001909570721042427
0.8350000000000006,0.0001916022004644436
0.8360000000000006,0.0001922475510133048
0.8370000000000006,0.0001928931197368121
0.8380000000000006,0.0001935389026426863
0.8390000000000006,0.0001941848957602836
0.8400000000000006,0.0001948310951404952
0.8410000000000006,0.0001954774968556488
0.8420000000000006,0.000196124096999408
0.8430000000000006,0.0001967708916866707
0.8440000000000006,0.0001974178770534692
0.8450000000000006,0.0001980650492568674
0.8460000000000006,0.000198712404474859
0.8470000000000006,0.0001993599389062655
0.8480000000000006,0.0002000076487706306
0.8490000000000006,0.0002006555303081214
0.8500000000000006,0.0002013035797794215
0.8510000000000006,0.000201951793465625
0.8520000000000006,0.0002026001676681384
0.8530000000000006,0.0002032486987085705
0.8540000000000006,0.0002038973829286294
0.8550000000000006,0.0002045462166900178
0.8560000000000006,0.0002051951963743261
0.8570000000000007,0.0002058443183829281
0.8580000000000007,0.0002064935791368755
0.8590000000000007,0.0002071429750767907
0.8600000000000007,0.0002077925026627608
0.8610000000000007,0.0002084421583742314
0.8620000000000007,0.0002090919387099019
0.8630000000000007,0.0002097418401876152
0.8640000000000007,0.0002103918593442551
0.8650000000000007,0.0002110419927356364
0.8660000000000007,0.0002116922369364004
0.8670000000000007,0.0002123425885399056
0.8680000000000007,0.0002129930441581236
0.8690000000000007,0.0002136436004215291
0.8700000000000007,0.000214294253978996
0.8710000000000007,0.0002149450014976871
0.8720000000000007,0.000215595839662951
0.8730000000000007,0.0002162467651782114
0.8740000000000007,0.0002168977747648618
0.8750000000000007,0.0002175488651621605
0.8760000000000007,0.000218200033127121
0.8770000000000007,0.0002188512754344044
0.8780000000000007,0.0002195025888762181
0.8790000000000007,0.000220153970262202
0.8800000000000007,0.000220805416419329
0.8810000000000007,0.0002214569241917935
0.8820000000000007,0.0002221084904409084
0.8830000000000007,0.0002227601120449965
0.8840000000000007,0.000223411785899286
0.8850000000000007,0.0002240635089158061
0.8860000000000007,0.0002247152780232767
0.8870000000000007,0.0002253670901670104
0.8880000000000007,0.0002260189423087986
0.8890000000000007,0.0002266708314268134
0.8900000000000007,0.0002273227545154994
0.8910000000000007,0.0002279747085854685
0.8920000000000007,0.0002286266906633986
0.8930000000000007,0.0002292786977919265
0.8940000000000007,0.0002299307270295442
0.8950000000000007,0.0002305827754504965
0.8960000000000007,0.0002312348401446754
0.8970000000000007,0.0002318869182175202
0.8980000000000007,0.0002325390067899108
0.8990000000000007,0.0002331911029980662
0.9000000000000007,0.0002338432039934447
0.9010000000000007,0.0002344953069426364
0.9020000000000007,0.0002351474090272658
0.9030000000000007,0.0002357995074438884
0.9040000000000007,0.0002364515994038893
0.9050000000000007,0.0002371036821333812
0.9060000000000007,0.0002377557528731078
0.9070000000000007,0.000238407808878337
0.9080000000000007,0.0002390598474187661
0.9090000000000007,0.0002397118657784198
0.9100000000000007,0.0002403638612555498
0.9110000000000007,0.0002410158311625382
0.9120000000000007,0.0002416677728257962
0.9130000000000007,0.0002423196835856677
0.9140000000000007,0.0002429715607963282
0.9150000000000007,0.0002436234018256915
0.9160000000000007,0.0002442752040553072
0.9170000000000007,0.0002449269648802669
0.9180000000000007,0.0002455786817091065
0.9190000000000007,0.0002462303519637112
0.9200000000000007,0.000246881973079215
0.9210000000000007,0.0002475335425039104
0.9220000000000007,0.00024818505769915
0.9230000000000007,0.0002488365161392532
0.9240000000000007,0.0002494879153114091
0.9250000000000007,0.000250139252715585
0.9260000000000007,0.0002507905258644308
0.9270000000000007,0.0002514417322831873
0.9280000000000007,0.0002520928695095917
0.9290000000000007,0.000252743935093784
0.9300000000000007,0.0002533949265982171
0.9310000000000007,0.0002540458415975637
0.9320000000000007,0.0002546966776786248
0.9330000000000007,0.0002553474324402372
0.9340000000000007,0.0002559981034931865
0.9350000000000007,0.0002566486884601119
0.9360000000000007,0.0002572991849754207
0.9370000000000007,0.0002579495906851948
0.9380000000000007,0.0002585999032471047
0.9390000000000007,0.0002592501203303175
0.9400000000000007,0.0002599002396154131
0.9410000000000007,0.0002605502587942916
0.9420000000000007,0.0002612001755700886
0.9430000000000007,0.0002618499876570852
0.9440000000000007,0.0002624996927806249
0.9450000000000007,0.0002631492886770242
0.9460000000000007,0.0002637987730934884
0.9470000000000007,0.0002644481437880245
0.9480000000000007,0.0002650973985293572
0.9490000000000007,0.0002657465350968438
0.9500000000000007,0.0002663955512803893
0.9510000000000007,0.0002670444448803637
0.9520000000000007,0.0002676932137075174
0.9530000000000007,0.0002683418555828983
0.9540000000000007,0.0002689903683377697
0.9550000000000007,0.000269638749813527
0.9560000000000007,0.000270286997861616
0.9570000000000007,0.0002709351103434497
0.9580000000000007,0.0002715830851303314
0.9590000000000007,0.0002722309201033688
0.9600000000000007,0.000272878613153397
0.9610000000000007,0.0002735261621808976
0.9620000000000007,0.0002741735650959198
0.9630000000000007,0.0002748208198179984
0.9640000000000007,0.0002754679242760792
0.9650000000000007,0.0002761148764084386
0.9660000000000007,0.0002767616741626033
0.9670000000000007,0.0002774083154952782
0.9680000000000007,0.0002780547983722642
0.9690000000000007,0.0002787011207683836
0.9700000000000008,0.0002793472806674038
0.9710000000000008,0.0002799932760619612
0.9720000000000008,0.000280639104953484
0.9730000000000008,0.0002812847653521195
0.9740000000000008,0.0002819302552766578
0.9750000000000008,0.0002825755727544575
0.9760000000000008,0.0002832207158213715
0.9770000000000008,0.0002838656825216748
0.9780000000000008,0.0002845104709079894
0.9790000000000008,0.000285155079041211
0.9800000000000008,0.0002857995049904387
0.9810000000000008,0.0002864437468329029
0.9820000000000008,0.0002870878026538894
0.9830000000000008,0.0002877316705466725
0.9840000000000008,0.0002883753486124441
0.9850000000000008,0.0002890188349602391
0.9860000000000008,0.0002896621277068681
0.9870000000000008,0.0002903052249768492
0.9880000000000008,0.000290948124902333
0.9890000000000008,0.0002915908256230392
0.9900000000000008,0.0002922333252861845
0.9910000000000008,0.0002928756220464148
0.9920000000000008,0.0002935177140657385
0.9930000000000008,0.0002941595995134574
0.9940000000000008,0.0002948012765661003
0.9950000000000008,0.0002954427434073555
0.9960000000000008,0.0002960839982280026
0.9970000000000008,0.0002967250392258516
0.9980000000000008,0.0002973658646056707
0.9990000000000008,0.0002980064725791259
1.000000000000001,0.0002986468613647115
1.001000000000001,0.0002992870291876876
1.002,0.0002999269742800174
1.003,0.0003005666948803004
1.004,0.0003012061892337078
1.005,0.0003018454555919231
1.006,0.0003024844922130756
1.007,0.0003031232973616778
1.008,0.0003037618693085664
1.009,0.0003044002063308357
1.01,0.0003050383067117806
1.010999999999999,0.00030567616874083
1.011999999999999,0.0003063137907134895
1.012999999999999,0.0003069511709312807
1.013999999999999,0.000307588307701679
1.014999999999999,0.0003082251993380547
1.015999999999999,0.0003088618441596129
1.016999999999999,0.000309498240491334
1.017999999999999,0.0003101343866639163
1.018999999999999,0.0003107702810137134
1.019999999999998,0.0003114059218826811
1.020999999999998,0.0003120413076183144
1.021999999999998,0.0003126764365735922
1.022999999999998,0.0003133113071069211
1.023999999999998,0.0003139459175820736
1.024999999999998,0.0003145802663681365
1.025999999999998,0.0003152143518394512
1.026999999999998,0.0003158481723755592
1.027999999999998,0.0003164817263611453
1.028999999999997,0.0003171150121859797
1.029999999999997,0.0003177480282448694
1.030999999999997,0.0003183807729375952
1.031999999999997,0.0003190132446688621
1.032999999999997,0.0003196454418482433
1.033999999999997,0.0003202773628901264
1.034999999999997,0.00032090900621366
1.035999999999997,0.0003215403702426986
1.036999999999997,0.0003221714534057512
1.037999999999996,0.0003228022541359263
1.038999999999996,0.0003234327708708828
1.039999999999996,0.0003240630020527732
1.040999999999996,0.0003246929461281941
1.041999999999996,0.0003253226015481355
1.042999999999996,0.0003259519667679264
1.043999999999996,0.0003265810402471849
1.044999999999996,0.0003272098204497687
1.045999999999996,0.0003278383058437218
1.046999999999995,0.0003284664949012255
1.047999999999995,0.0003290943860985481
1.048999999999995,0.0003297219779159967
1.049999999999995,0.0003303492688378637
1.050999999999995,0.0003309762573523817
1.051999999999995,0.0003316029419516712
1.052999999999995,0.0003322293211316943
1.053999999999995,0.0003328553933922049
1.054999999999995,0.0003334811572367004
1.055999999999994,0.0003341066111723752
1.056999999999994,0.000334731753710069
1.057999999999994,0.0003353565833642263
1.058999999999994,0.0003359810986528419
1.059999999999994,0.0003366052980974193
1.060999999999994,0.0003372291802229198
1.061999999999994,0.0003378527435577205
1.062999999999994,0.0003384759866335652
1.063999999999994,0.0003390989079855177
1.064999999999994,0.0003397215061519194
1.065999999999993,0.0003403437796743417
1.066999999999993,0.000340965727097541
1.067999999999993,0.0003415873469694148
1.068999999999993,0.0003422086378409552
1.069999999999993,0.0003428295982662067
1.070999999999993,0.0003434502268022212
1.071999999999993,0.0003440705220090115
1.072999999999993,0.0003446904824495142
1.073999999999993,0.0003453101066895384
1.074999999999992,0.0003459293932977272
1.075999999999992,0.000346548340845515
1.076999999999992,0.0003471669479070832
1.077999999999992,0.000347785213059317
1.078999999999992,0.0003484031348817649
1.079999999999992,0.000349020711956597
1.080999999999992,0.0003496379428685611
1.081999999999992,0.0003502548262049431
1.082999999999992,0.0003508713605555261
1.083999999999991,0.0003514875445125456
1.084999999999991,0.0003521033766706551
1.085999999999991,0.0003527188556268789
1.086999999999991,0.0003533339799805765
1.087999999999991,0.0003539487483333999
1.088999999999991,0.0003545631592892543
1.089999999999991,0.0003551772114542613
1.090999999999991,0.0003557909034367131
1.091999999999991,0.0003564042338470404
1.09299999999999,0.0003570172012977682
1.09399999999999,0.0003576298044034803
1.09499999999999,0.0003582420417807791
1.09599999999999,0.0003588539120482485
1.09699999999999,0.0003594654138264137
1.09799999999999,0.000360076545737707
1.09899999999999,0.0003606873064064268
1.1,0.0003612976944587079
